date,cases,deaths,county,fips,confirmed_cases,confirmed_deaths,new_confirmed_cases,new_deaths
1/26/2020,0,0,Alameda,1,0,0,,
1/31/2020,0,0,Alameda,1,0,0,0,0
2/2/2020,0,0,Alameda,1,0,0,0,0
2/20/2020,0,0,Alameda,1,0,0,0,0
2/21/2020,0,0,Alameda,1,0,0,0,0
2/26/2020,0,0,Alameda,1,0,0,0,0
2/28/2020,0,0,Alameda,1,0,0,0,0
2/29/2020,0,0,Alameda,1,0,0,0,0
3/1/2020,2,0,Alameda,1,1,0,1,0
3/2/2020,1,0,Alameda,1,1,0,0,0
3/3/2020,3,0,Alameda,1,2,0,1,0
3/4/2020,2,0,Alameda,1,2,0,0,0
3/5/2020,2,0,Alameda,1,2,0,0,0
3/6/2020,4,0,Alameda,1,3,0,1,0
3/7/2020,3,0,Alameda,1,3,0,0,0
3/8/2020,3,0,Alameda,1,3,0,0,0
3/9/2020,3,0,Alameda,1,3,0,0,0
3/10/2020,7,0,Alameda,1,5,0,2,0
3/11/2020,5,0,Alameda,1,5,0,0,0
3/12/2020,13,0,Alameda,1,9,0,4,0
3/13/2020,9,0,Alameda,1,9,0,0,0
3/14/2020,11,0,Alameda,1,10,0,1,0
3/15/2020,26,0,Alameda,1,18,0,8,0
3/16/2020,24,0,Alameda,1,21,0,3,0
3/17/2020,39,0,Alameda,1,30,0,9,0
3/18/2020,38,0,Alameda,1,34,0,4,0
3/19/2020,42,0,Alameda,1,38,0,4,0
3/20/2020,62,0,Alameda,1,50,0,12,0
3/21/2020,92,0,Alameda,1,71,0,21,0
3/22/2020,139,0,Alameda,1,105,0,34,0
3/23/2020,139,2,Alameda,1,122,1,17,1
3/24/2020,148,3,Alameda,1,135,2,13,1
3/25/2020,135,2,Alameda,1,135,2,0,0
3/26/2020,221,6,Alameda,1,178,4,43,2
3/27/2020,262,4,Alameda,1,220,4,42,0
3/28/2020,292,8,Alameda,1,256,6,36,2
3/29/2020,284,8,Alameda,1,270,7,14,1
3/30/2020,296,7,Alameda,1,283,7,13,0
3/31/2020,343,7,Alameda,1,313,7,30,0
4/1/2020,405,9,Alameda,1,359,8,46,1
4/2/2020,433,10,Alameda,1,396,9,37,1
4/3/2020,490,15,Alameda,1,443,12,47,3
4/4/2020,631,12,Alameda,1,537,12,94,0
4/5/2020,595,12,Alameda,1,566,12,29,0
4/6/2020,610,14,Alameda,1,588,13,22,1
4/7/2020,680,17,Alameda,1,634,15,46,2
4/8/2020,714,17,Alameda,1,674,16,40,1
4/9/2020,756,18,Alameda,1,715,17,41,1
4/10/2020,821,23,Alameda,1,768,20,53,3
4/11/2020,848,22,Alameda,1,808,21,40,1
4/12/2020,882,25,Alameda,1,845,23,37,2
4/13/2020,931,23,Alameda,1,888,23,43,0
4/14/2020,886,23,Alameda,1,887,23,-1,0
4/15/2020,1041,49,Alameda,1,964,36,77,13
4/16/2020,1054,42,Alameda,1,1009,39,45,3
4/17/2020,1117,41,Alameda,1,1063,40,54,1
4/18/2020,1165,42,Alameda,1,1114,41,51,1
4/19/2020,1214,43,Alameda,1,1164,42,50,1
4/20/2020,1222,42,Alameda,1,1193,42,29,0
3/30/2020,1,0,Alpine,3,1,0,,
3/31/2020,1,0,Alpine,3,1,0,0,0
4/1/2020,1,0,Alpine,3,1,0,0,0
4/2/2020,1,0,Alpine,3,1,0,0,0
4/3/2020,1,0,Alpine,3,1,0,0,0
4/4/2020,1,0,Alpine,3,1,0,0,0
4/5/2020,1,0,Alpine,3,1,0,0,0
4/6/2020,1,0,Alpine,3,1,0,0,0
4/7/2020,1,0,Alpine,3,1,0,0,0
4/8/2020,1,0,Alpine,3,1,0,0,0
4/9/2020,1,0,Alpine,3,1,0,0,0
4/10/2020,1,0,Alpine,3,1,0,0,0
4/11/2020,1,0,Alpine,3,1,0,0,0
4/12/2020,1,0,Alpine,3,1,0,0,0
4/13/2020,1,0,Alpine,3,1,0,0,0
4/14/2020,1,0,Alpine,3,1,0,0,0
4/15/2020,1,0,Alpine,3,1,0,0,0
4/16/2020,1,0,Alpine,3,1,0,0,0
4/17/2020,1,0,Alpine,3,1,0,0,0
4/18/2020,1,0,Alpine,3,1,0,0,0
4/19/2020,1,0,Alpine,3,1,0,0,0
4/20/2020,1,0,Alpine,3,1,0,0,0
3/13/2020,1,0,Amador,5,1,0,,
3/14/2020,1,0,Amador,5,1,0,0,0
3/15/2020,1,0,Amador,5,1,0,0,0
3/16/2020,1,0,Amador,5,1,0,0,0
3/17/2020,1,0,Amador,5,1,0,0,0
3/18/2020,1,0,Amador,5,1,0,0,0
3/19/2020,1,0,Amador,5,1,0,0,0
3/20/2020,1,0,Amador,5,1,0,0,0
3/21/2020,3,0,Amador,5,2,0,1,0
3/22/2020,2,0,Amador,5,2,0,0,0
3/23/2020,2,0,Amador,5,2,0,0,0
3/24/2020,2,0,Amador,5,2,0,0,0
3/25/2020,2,0,Amador,5,2,0,0,0
3/26/2020,2,0,Amador,5,2,0,0,0
3/27/2020,2,0,Amador,5,2,0,0,0
3/28/2020,2,0,Amador,5,2,0,0,0
3/29/2020,2,0,Amador,5,2,0,0,0
3/30/2020,2,0,Amador,5,2,0,0,0
3/31/2020,2,0,Amador,5,2,0,0,0
4/1/2020,4,0,Amador,5,3,0,1,0
4/2/2020,3,0,Amador,5,3,0,0,0
4/3/2020,3,0,Amador,5,3,0,0,0
4/4/2020,3,0,Amador,5,3,0,0,0
4/5/2020,3,0,Amador,5,3,0,0,0
4/6/2020,3,0,Amador,5,3,0,0,0
4/7/2020,3,0,Amador,5,3,0,0,0
4/8/2020,3,0,Amador,5,3,0,0,0
4/9/2020,11,0,Amador,5,7,0,4,0
4/10/2020,7,0,Amador,5,7,0,0,0
4/11/2020,7,0,Amador,5,7,0,0,0
4/12/2020,7,0,Amador,5,7,0,0,0
4/13/2020,7,0,Amador,5,7,0,0,0
4/14/2020,7,0,Amador,5,7,0,0,0
4/15/2020,7,0,Amador,5,7,0,0,0
4/16/2020,7,0,Amador,5,7,0,0,0
4/17/2020,7,0,Amador,5,7,0,0,0
4/18/2020,7,0,Amador,5,7,0,0,0
4/19/2020,7,0,Amador,5,7,0,0,0
4/20/2020,7,0,Amador,5,7,0,0,0
3/21/2020,1,0,Butte,7,1,0,,
3/22/2020,3,0,Butte,7,2,0,1,0
3/23/2020,4,0,Butte,7,3,0,1,0
3/24/2020,5,0,Butte,7,4,0,1,0
3/25/2020,4,0,Butte,7,4,0,0,0
3/26/2020,6,0,Butte,7,5,0,1,0
3/27/2020,5,0,Butte,7,5,0,0,0
3/28/2020,5,0,Butte,7,5,0,0,0
3/29/2020,5,0,Butte,7,5,0,0,0
3/30/2020,11,0,Butte,7,8,0,3,0
3/31/2020,8,0,Butte,7,8,0,0,0
4/1/2020,10,0,Butte,7,9,0,1,0
4/2/2020,11,0,Butte,7,10,0,1,0
4/3/2020,12,0,Butte,7,11,0,1,0
4/4/2020,11,0,Butte,7,11,0,0,0
4/5/2020,11,0,Butte,7,11,0,0,0
4/6/2020,13,0,Butte,7,12,0,1,0
4/7/2020,14,0,Butte,7,13,0,1,0
4/8/2020,13,0,Butte,7,13,0,0,0
4/9/2020,13,0,Butte,7,13,0,0,0
4/10/2020,15,0,Butte,7,14,0,1,0
4/11/2020,14,0,Butte,7,14,0,0,0
4/12/2020,14,0,Butte,7,14,0,0,0
4/13/2020,16,0,Butte,7,15,0,1,0
4/14/2020,17,0,Butte,7,16,0,1,0
4/15/2020,16,0,Butte,7,16,0,0,0
4/16/2020,16,0,Butte,7,16,0,0,0
4/17/2020,16,0,Butte,7,16,0,0,0
4/18/2020,16,0,Butte,7,16,0,0,0
4/19/2020,16,0,Butte,7,16,0,0,0
4/20/2020,16,0,Butte,7,16,0,0,0
1/26/2020,0,0,Calaveras,9,0,0,,
1/31/2020,0,0,Calaveras,9,0,0,0,0
2/2/2020,0,0,Calaveras,9,0,0,0,0
2/20/2020,0,0,Calaveras,9,0,0,0,0
2/21/2020,0,0,Calaveras,9,0,0,0,0
2/26/2020,0,0,Calaveras,9,0,0,0,0
2/28/2020,0,0,Calaveras,9,0,0,0,0
2/29/2020,0,0,Calaveras,9,0,0,0,0
3/1/2020,0,0,Calaveras,9,0,0,0,0
3/2/2020,0,0,Calaveras,9,0,0,0,0
3/3/2020,0,0,Calaveras,9,0,0,0,0
3/4/2020,0,0,Calaveras,9,0,0,0,0
3/5/2020,0,0,Calaveras,9,0,0,0,0
3/6/2020,0,0,Calaveras,9,0,0,0,0
3/7/2020,0,0,Calaveras,9,0,0,0,0
3/8/2020,0,0,Calaveras,9,0,0,0,0
3/9/2020,0,0,Calaveras,9,0,0,0,0
3/10/2020,4,0,Calaveras,9,2,0,2,0
3/11/2020,2,0,Calaveras,9,2,0,0,0
3/12/2020,2,0,Calaveras,9,2,0,0,0
3/13/2020,2,0,Calaveras,9,2,0,0,0
3/14/2020,2,0,Calaveras,9,2,0,0,0
3/15/2020,2,0,Calaveras,9,2,0,0,0
3/16/2020,2,0,Calaveras,9,2,0,0,0
3/17/2020,2,0,Calaveras,9,2,0,0,0
3/18/2020,2,0,Calaveras,9,2,0,0,0
3/19/2020,2,0,Calaveras,9,2,0,0,0
3/20/2020,2,0,Calaveras,9,2,0,0,0
3/21/2020,2,0,Calaveras,9,2,0,0,0
3/22/2020,2,0,Calaveras,9,2,0,0,0
3/23/2020,2,0,Calaveras,9,2,0,0,0
3/24/2020,2,0,Calaveras,9,2,0,0,0
3/25/2020,2,0,Calaveras,9,2,0,0,0
3/26/2020,4,0,Calaveras,9,3,0,1,0
3/27/2020,3,0,Calaveras,9,3,0,0,0
3/28/2020,3,0,Calaveras,9,3,0,0,0
3/29/2020,3,0,Calaveras,9,3,0,0,0
3/30/2020,3,0,Calaveras,9,3,0,0,0
3/31/2020,3,0,Calaveras,9,3,0,0,0
4/1/2020,3,0,Calaveras,9,3,0,0,0
4/2/2020,3,0,Calaveras,9,3,0,0,0
4/3/2020,5,0,Calaveras,9,4,0,1,0
4/4/2020,4,0,Calaveras,9,4,0,0,0
4/5/2020,4,0,Calaveras,9,4,0,0,0
4/6/2020,6,0,Calaveras,9,5,0,1,0
4/7/2020,5,0,Calaveras,9,5,0,0,0
4/8/2020,5,0,Calaveras,9,5,0,0,0
4/9/2020,11,0,Calaveras,9,8,0,3,0
4/10/2020,8,0,Calaveras,9,8,0,0,0
4/11/2020,8,0,Calaveras,9,8,0,0,0
4/12/2020,8,0,Calaveras,9,8,0,0,0
4/13/2020,10,0,Calaveras,9,9,0,1,0
4/14/2020,9,0,Calaveras,9,9,0,0,0
4/15/2020,13,0,Calaveras,9,11,0,2,0
4/16/2020,11,0,Calaveras,9,11,0,0,0
4/17/2020,13,0,Calaveras,9,12,0,1,0
4/18/2020,12,0,Calaveras,9,12,0,0,0
4/19/2020,12,0,Calaveras,9,12,0,0,0
4/20/2020,12,0,Calaveras,9,12,0,0,0
3/27/2020,1,0,Colusa,11,1,0,,
3/28/2020,1,0,Colusa,11,1,0,0,0
3/29/2020,1,0,Colusa,11,1,0,0,0
3/30/2020,1,0,Colusa,11,1,0,0,0
3/31/2020,1,0,Colusa,11,1,0,0,0
4/1/2020,1,0,Colusa,11,1,0,0,0
4/2/2020,1,0,Colusa,11,1,0,0,0
4/3/2020,3,0,Colusa,11,2,0,1,0
4/4/2020,2,0,Colusa,11,2,0,0,0
4/5/2020,2,0,Colusa,11,2,0,0,0
4/6/2020,4,0,Colusa,11,3,0,1,0
4/7/2020,3,0,Colusa,11,3,0,0,0
4/8/2020,3,0,Colusa,11,3,0,0,0
4/9/2020,3,0,Colusa,11,3,0,0,0
4/10/2020,3,0,Colusa,11,3,0,0,0
4/11/2020,3,0,Colusa,11,3,0,0,0
4/12/2020,3,0,Colusa,11,3,0,0,0
4/13/2020,3,0,Colusa,11,3,0,0,0
4/14/2020,3,0,Colusa,11,3,0,0,0
4/15/2020,3,0,Colusa,11,3,0,0,0
4/16/2020,3,0,Colusa,11,3,0,0,0
4/17/2020,3,0,Colusa,11,3,0,0,0
4/18/2020,3,0,Colusa,11,3,0,0,0
4/19/2020,3,0,Colusa,11,3,0,0,0
4/20/2020,3,0,Colusa,11,3,0,0,0
1/26/2020,0,0,Contra Costa,13,0,0,,
1/31/2020,0,0,Contra Costa,13,0,0,0,0
2/2/2020,0,0,Contra Costa,13,0,0,0,0
2/20/2020,0,0,Contra Costa,13,0,0,0,0
2/21/2020,0,0,Contra Costa,13,0,0,0,0
2/26/2020,0,0,Contra Costa,13,0,0,0,0
2/28/2020,0,0,Contra Costa,13,0,0,0,0
2/29/2020,0,0,Contra Costa,13,0,0,0,0
3/1/2020,0,0,Contra Costa,13,0,0,0,0
3/2/2020,0,0,Contra Costa,13,0,0,0,0
3/3/2020,2,0,Contra Costa,13,1,0,1,0
3/4/2020,1,0,Contra Costa,13,1,0,0,0
3/5/2020,1,0,Contra Costa,13,1,0,0,0
3/6/2020,7,0,Contra Costa,13,4,0,3,0
3/7/2020,4,0,Contra Costa,13,4,0,0,0
3/8/2020,14,0,Contra Costa,13,9,0,5,0
3/9/2020,9,0,Contra Costa,13,9,0,0,0
3/10/2020,11,0,Contra Costa,13,10,0,1,0
3/11/2020,10,0,Contra Costa,13,10,0,0,0
3/12/2020,24,0,Contra Costa,13,17,0,7,0
3/13/2020,33,0,Contra Costa,13,25,0,8,0
3/14/2020,33,0,Contra Costa,13,29,0,4,0
3/15/2020,29,0,Contra Costa,13,29,0,0,0
3/16/2020,39,0,Contra Costa,13,34,0,5,0
3/17/2020,44,0,Contra Costa,13,39,0,5,0
3/18/2020,43,0,Contra Costa,13,41,0,2,0
3/19/2020,43,0,Contra Costa,13,42,0,1,0
3/20/2020,50,2,Contra Costa,13,46,1,4,1
3/21/2020,56,1,Contra Costa,13,51,1,5,0
3/22/2020,71,1,Contra Costa,13,61,1,10,0
3/23/2020,81,1,Contra Costa,13,71,1,10,0
3/24/2020,101,1,Contra Costa,13,86,1,15,0
3/25/2020,130,1,Contra Costa,13,108,1,22,0
3/26/2020,154,1,Contra Costa,13,131,1,23,0
3/27/2020,171,3,Contra Costa,13,151,2,20,1
3/28/2020,185,4,Contra Costa,13,168,3,17,1
3/29/2020,182,3,Contra Costa,13,175,3,7,0
3/30/2020,199,3,Contra Costa,13,187,3,12,0
3/31/2020,257,3,Contra Costa,13,222,3,35,0
4/1/2020,278,3,Contra Costa,13,250,3,28,0
4/2/2020,302,3,Contra Costa,13,276,3,26,0
4/3/2020,338,7,Contra Costa,13,307,5,31,2
4/4/2020,399,5,Contra Costa,13,353,5,46,0
4/5/2020,419,7,Contra Costa,13,386,6,33,1
4/6/2020,448,8,Contra Costa,13,417,7,31,1
4/7/2020,467,7,Contra Costa,13,442,7,25,0
4/8/2020,482,7,Contra Costa,13,462,7,20,0
4/9/2020,506,9,Contra Costa,13,484,8,22,1
4/10/2020,538,10,Contra Costa,13,511,9,27,1
4/11/2020,549,13,Contra Costa,13,530,11,19,2
4/12/2020,548,11,Contra Costa,13,539,11,9,0
4/13/2020,565,11,Contra Costa,13,552,11,13,0
4/14/2020,648,13,Contra Costa,13,600,12,48,1
4/15/2020,630,16,Contra Costa,13,615,14,15,2
4/16/2020,647,18,Contra Costa,13,631,16,16,2
4/17/2020,665,22,Contra Costa,13,648,19,17,3
4/18/2020,722,19,Contra Costa,13,685,19,37,0
4/19/2020,701,21,Contra Costa,13,693,20,8,1
4/20/2020,721,24,Contra Costa,13,707,22,14,2
4/2/2020,1,0,Del Norte,15,1,0,,
4/3/2020,1,0,Del Norte,15,1,0,0,0
4/4/2020,3,0,Del Norte,15,2,0,1,0
4/5/2020,2,0,Del Norte,15,2,0,0,0
4/6/2020,2,0,Del Norte,15,2,0,0,0
4/7/2020,2,0,Del Norte,15,2,0,0,0
4/8/2020,2,0,Del Norte,15,2,0,0,0
4/9/2020,2,0,Del Norte,15,2,0,0,0
4/10/2020,2,0,Del Norte,15,2,0,0,0
4/11/2020,2,0,Del Norte,15,2,0,0,0
4/12/2020,2,0,Del Norte,15,2,0,0,0
4/13/2020,2,0,Del Norte,15,2,0,0,0
4/14/2020,2,0,Del Norte,15,2,0,0,0
4/15/2020,2,0,Del Norte,15,2,0,0,0
4/16/2020,2,0,Del Norte,15,2,0,0,0
4/17/2020,2,0,Del Norte,15,2,0,0,0
4/18/2020,2,0,Del Norte,15,2,0,0,0
4/19/2020,2,0,Del Norte,15,2,0,0,0
4/20/2020,2,0,Del Norte,15,2,0,0,0
3/20/2020,2,0,El Dorado,17,2,0,,
3/21/2020,2,0,El Dorado,17,2,0,0,0
3/22/2020,2,0,El Dorado,17,2,0,0,0
3/23/2020,2,0,El Dorado,17,2,0,0,0
3/24/2020,4,0,El Dorado,17,3,0,1,0
3/25/2020,3,0,El Dorado,17,3,0,0,0
3/26/2020,15,0,El Dorado,17,9,0,6,0
3/27/2020,15,0,El Dorado,17,12,0,3,0
3/28/2020,12,0,El Dorado,17,12,0,0,0
3/29/2020,12,0,El Dorado,17,12,0,0,0
3/30/2020,18,0,El Dorado,17,15,0,3,0
3/31/2020,21,0,El Dorado,17,18,0,3,0
4/1/2020,18,0,El Dorado,17,18,0,0,0
4/2/2020,20,0,El Dorado,17,19,0,1,0
4/3/2020,25,0,El Dorado,17,22,0,3,0
4/4/2020,22,0,El Dorado,17,22,0,0,0
4/5/2020,22,0,El Dorado,17,22,0,0,0
4/6/2020,28,0,El Dorado,17,25,0,3,0
4/7/2020,31,0,El Dorado,17,28,0,3,0
4/8/2020,30,0,El Dorado,17,29,0,1,0
4/9/2020,31,0,El Dorado,17,30,0,1,0
4/10/2020,34,0,El Dorado,17,32,0,2,0
4/11/2020,32,0,El Dorado,17,32,0,0,0
4/12/2020,32,0,El Dorado,17,32,0,0,0
4/13/2020,36,0,El Dorado,17,34,0,2,0
4/14/2020,36,0,El Dorado,17,35,0,1,0
4/15/2020,35,0,El Dorado,17,35,0,0,0
4/16/2020,35,0,El Dorado,17,35,0,0,0
4/17/2020,37,0,El Dorado,17,36,0,1,0
4/18/2020,36,0,El Dorado,17,36,0,0,0
4/19/2020,36,0,El Dorado,17,36,0,0,0
4/20/2020,40,0,El Dorado,17,38,0,2,0
3/7/2020,1,0,Fresno,19,1,0,,
3/8/2020,1,0,Fresno,19,1,0,0,0
3/9/2020,1,0,Fresno,19,1,0,0,0
3/10/2020,1,0,Fresno,19,1,0,0,0
3/11/2020,1,0,Fresno,19,1,0,0,0
3/12/2020,1,0,Fresno,19,1,0,0,0
3/13/2020,1,0,Fresno,19,1,0,0,0
3/14/2020,3,0,Fresno,19,2,0,1,0
3/15/2020,2,0,Fresno,19,2,0,0,0
3/16/2020,2,0,Fresno,19,2,0,0,0
3/17/2020,2,0,Fresno,19,2,0,0,0
3/18/2020,4,0,Fresno,19,3,0,1,0
3/19/2020,3,0,Fresno,19,3,0,0,0
3/20/2020,9,0,Fresno,19,6,0,3,0
3/21/2020,6,0,Fresno,19,6,0,0,0
3/22/2020,6,0,Fresno,19,6,0,0,0
3/23/2020,20,0,Fresno,19,13,0,7,0
3/24/2020,23,0,Fresno,19,18,0,5,0
3/25/2020,20,0,Fresno,19,19,0,1,0
3/26/2020,35,0,Fresno,19,27,0,8,0
3/27/2020,35,0,Fresno,19,31,0,4,0
3/28/2020,55,0,Fresno,19,43,0,12,0
3/29/2020,43,0,Fresno,19,43,0,0,0
3/30/2020,63,0,Fresno,19,53,0,10,0
3/31/2020,83,0,Fresno,19,68,0,15,0
4/1/2020,96,0,Fresno,19,82,0,14,0
4/2/2020,106,0,Fresno,19,94,0,12,0
4/3/2020,106,2,Fresno,19,100,1,6,1
4/4/2020,106,1,Fresno,19,103,1,3,0
4/5/2020,113,1,Fresno,19,108,1,5,0
4/6/2020,140,3,Fresno,19,124,2,16,1
4/7/2020,168,4,Fresno,19,146,3,22,1
4/8/2020,166,3,Fresno,19,156,3,10,0
4/9/2020,190,3,Fresno,19,173,3,17,0
4/10/2020,209,7,Fresno,19,191,5,18,2
4/11/2020,211,5,Fresno,19,201,5,10,0
4/12/2020,201,5,Fresno,19,201,5,0,0
4/13/2020,243,5,Fresno,19,222,5,21,0
4/14/2020,280,9,Fresno,19,251,7,29,2
4/15/2020,279,7,Fresno,19,265,7,14,0
4/16/2020,325,7,Fresno,19,295,7,30,0
4/17/2020,327,7,Fresno,19,311,7,16,0
4/18/2020,319,7,Fresno,19,315,7,4,0
4/19/2020,315,7,Fresno,19,315,7,0,0
4/20/2020,387,7,Fresno,19,351,7,36,0
3/27/2020,1,0,Glenn,21,1,0,,
3/28/2020,1,0,Glenn,21,1,0,0,0
3/29/2020,1,0,Glenn,21,1,0,0,0
3/30/2020,3,0,Glenn,21,2,0,1,0
3/31/2020,2,0,Glenn,21,2,0,0,0
4/1/2020,2,0,Glenn,21,2,0,0,0
4/2/2020,2,0,Glenn,21,2,0,0,0
4/3/2020,2,0,Glenn,21,2,0,0,0
4/4/2020,2,0,Glenn,21,2,0,0,0
4/5/2020,2,0,Glenn,21,2,0,0,0
4/6/2020,2,0,Glenn,21,2,0,0,0
4/7/2020,2,0,Glenn,21,2,0,0,0
4/8/2020,2,0,Glenn,21,2,0,0,0
4/9/2020,2,0,Glenn,21,2,0,0,0
4/10/2020,4,0,Glenn,21,3,0,1,0
4/11/2020,3,0,Glenn,21,3,0,0,0
4/12/2020,3,0,Glenn,21,3,0,0,0
4/13/2020,5,0,Glenn,21,4,0,1,0
4/14/2020,4,0,Glenn,21,4,0,0,0
4/15/2020,4,0,Glenn,21,4,0,0,0
4/16/2020,4,0,Glenn,21,4,0,0,0
4/17/2020,4,0,Glenn,21,4,0,0,0
4/18/2020,4,0,Glenn,21,4,0,0,0
4/19/2020,4,0,Glenn,21,4,0,0,0
4/20/2020,4,0,Glenn,21,4,0,0,0
1/26/2020,0,0,Humboldt,23,0,0,,
1/31/2020,0,0,Humboldt,23,0,0,0,0
2/2/2020,0,0,Humboldt,23,0,0,0,0
2/20/2020,2,0,Humboldt,23,1,0,1,0
2/21/2020,1,0,Humboldt,23,1,0,0,0
2/22/2020,1,0,Humboldt,23,1,0,0,0
2/23/2020,1,0,Humboldt,23,1,0,0,0
2/24/2020,1,0,Humboldt,23,1,0,0,0
2/25/2020,1,0,Humboldt,23,1,0,0,0
2/26/2020,1,0,Humboldt,23,1,0,0,0
2/27/2020,1,0,Humboldt,23,1,0,0,0
2/28/2020,1,0,Humboldt,23,1,0,0,0
2/29/2020,1,0,Humboldt,23,1,0,0,0
3/1/2020,1,0,Humboldt,23,1,0,0,0
3/2/2020,1,0,Humboldt,23,1,0,0,0
3/3/2020,1,0,Humboldt,23,1,0,0,0
3/4/2020,1,0,Humboldt,23,1,0,0,0
3/5/2020,1,0,Humboldt,23,1,0,0,0
3/6/2020,1,0,Humboldt,23,1,0,0,0
3/7/2020,1,0,Humboldt,23,1,0,0,0
3/8/2020,1,0,Humboldt,23,1,0,0,0
3/9/2020,1,0,Humboldt,23,1,0,0,0
3/10/2020,1,0,Humboldt,23,1,0,0,0
3/11/2020,1,0,Humboldt,23,1,0,0,0
3/12/2020,1,0,Humboldt,23,1,0,0,0
3/13/2020,1,0,Humboldt,23,1,0,0,0
3/14/2020,1,0,Humboldt,23,1,0,0,0
3/15/2020,1,0,Humboldt,23,1,0,0,0
3/16/2020,1,0,Humboldt,23,1,0,0,0
3/17/2020,1,0,Humboldt,23,1,0,0,0
3/18/2020,1,0,Humboldt,23,1,0,0,0
3/19/2020,1,0,Humboldt,23,1,0,0,0
3/20/2020,3,0,Humboldt,23,2,0,1,0
3/21/2020,2,0,Humboldt,23,2,0,0,0
3/22/2020,2,0,Humboldt,23,2,0,0,0
3/23/2020,2,0,Humboldt,23,2,0,0,0
3/24/2020,8,0,Humboldt,23,5,0,3,0
3/25/2020,15,0,Humboldt,23,10,0,5,0
3/26/2020,14,0,Humboldt,23,12,0,2,0
3/27/2020,16,0,Humboldt,23,14,0,2,0
3/28/2020,22,0,Humboldt,23,18,0,4,0
3/29/2020,18,0,Humboldt,23,18,0,0,0
3/30/2020,24,0,Humboldt,23,21,0,3,0
3/31/2020,33,0,Humboldt,23,27,0,6,0
4/1/2020,29,0,Humboldt,23,28,0,1,0
4/2/2020,46,0,Humboldt,23,37,0,9,0
4/3/2020,43,0,Humboldt,23,40,0,3,0
4/4/2020,48,0,Humboldt,23,44,0,4,0
4/5/2020,44,0,Humboldt,23,44,0,0,0
4/6/2020,54,0,Humboldt,23,49,0,5,0
4/7/2020,51,0,Humboldt,23,50,0,1,0
4/8/2020,50,0,Humboldt,23,50,0,0,0
4/9/2020,50,0,Humboldt,23,50,0,0,0
4/10/2020,50,0,Humboldt,23,50,0,0,0
4/11/2020,50,0,Humboldt,23,50,0,0,0
4/12/2020,50,0,Humboldt,23,50,0,0,0
4/13/2020,50,0,Humboldt,23,50,0,0,0
4/14/2020,52,0,Humboldt,23,51,0,1,0
4/15/2020,53,0,Humboldt,23,52,0,1,0
4/16/2020,52,0,Humboldt,23,52,0,0,0
4/17/2020,52,0,Humboldt,23,52,0,0,0
4/18/2020,52,0,Humboldt,23,52,0,0,0
4/19/2020,52,0,Humboldt,23,52,0,0,0
4/20/2020,52,0,Humboldt,23,52,0,0,0
3/11/2020,2,0,Imperial,25,2,0,,
3/12/2020,2,0,Imperial,25,2,0,0,0
3/13/2020,2,0,Imperial,25,2,0,0,0
3/14/2020,2,0,Imperial,25,2,0,0,0
3/15/2020,2,0,Imperial,25,2,0,0,0
3/16/2020,2,0,Imperial,25,2,0,0,0
3/17/2020,2,0,Imperial,25,2,0,0,0
3/18/2020,2,0,Imperial,25,2,0,0,0
3/19/2020,6,0,Imperial,25,4,0,2,0
3/20/2020,4,0,Imperial,25,4,0,0,0
3/21/2020,8,0,Imperial,25,6,0,2,0
3/22/2020,6,0,Imperial,25,6,0,0,0
3/23/2020,6,0,Imperial,25,6,0,0,0
3/24/2020,12,0,Imperial,25,9,0,3,0
3/25/2020,9,0,Imperial,25,9,0,0,0
3/26/2020,25,0,Imperial,25,17,0,8,0
3/27/2020,25,0,Imperial,25,21,0,4,0
3/28/2020,29,0,Imperial,25,25,0,4,0
3/29/2020,25,0,Imperial,25,25,0,0,0
3/30/2020,41,0,Imperial,25,33,0,8,0
3/31/2020,43,0,Imperial,25,38,0,5,0
4/1/2020,48,0,Imperial,25,43,0,5,0
4/2/2020,57,2,Imperial,25,50,1,7,1
4/3/2020,60,1,Imperial,25,55,1,5,0
4/4/2020,55,1,Imperial,25,55,1,0,0
4/5/2020,75,3,Imperial,25,65,2,10,1
4/6/2020,71,4,Imperial,25,68,3,3,1
4/7/2020,78,3,Imperial,25,73,3,5,0
4/8/2020,77,3,Imperial,25,75,3,2,0
4/9/2020,83,3,Imperial,25,79,3,4,0
4/10/2020,79,3,Imperial,25,79,3,0,0
4/11/2020,95,3,Imperial,25,87,3,8,0
4/12/2020,87,3,Imperial,25,87,3,0,0
4/13/2020,113,3,Imperial,25,100,3,13,0
4/14/2020,134,3,Imperial,25,117,3,17,0
4/15/2020,137,3,Imperial,25,127,3,10,0
4/16/2020,159,3,Imperial,25,143,3,16,0
4/17/2020,167,3,Imperial,25,155,3,12,0
4/18/2020,155,3,Imperial,25,155,3,0,0
4/19/2020,165,3,Imperial,25,160,3,5,0
4/20/2020,190,5,Imperial,25,175,4,15,1
3/25/2020,1,0,Inyo,27,1,0,,
3/26/2020,3,0,Inyo,27,2,0,1,0
3/27/2020,8,0,Inyo,27,5,0,3,0
3/28/2020,5,0,Inyo,27,5,0,0,0
3/29/2020,11,0,Inyo,27,8,0,3,0
3/30/2020,8,0,Inyo,27,8,0,0,0
3/31/2020,8,0,Inyo,27,8,0,0,0
4/1/2020,10,0,Inyo,27,9,0,1,0
4/2/2020,11,0,Inyo,27,10,0,1,0
4/3/2020,10,0,Inyo,27,10,0,0,0
4/4/2020,10,0,Inyo,27,10,0,0,0
4/5/2020,12,0,Inyo,27,11,0,1,0
4/6/2020,11,0,Inyo,27,11,0,0,0
4/7/2020,11,0,Inyo,27,11,0,0,0
4/8/2020,11,0,Inyo,27,11,0,0,0
4/9/2020,11,0,Inyo,27,11,0,0,0
4/10/2020,13,0,Inyo,27,12,0,1,0
4/11/2020,12,0,Inyo,27,12,0,0,0
4/12/2020,12,0,Inyo,27,12,0,0,0
4/13/2020,12,0,Inyo,27,12,0,0,0
4/14/2020,12,0,Inyo,27,12,0,0,0
4/15/2020,22,0,Inyo,27,17,0,5,0
4/16/2020,17,0,Inyo,27,17,0,0,0
4/17/2020,19,0,Inyo,27,18,0,1,0
4/18/2020,18,0,Inyo,27,18,0,0,0
4/19/2020,18,0,Inyo,27,18,0,0,0
4/20/2020,18,0,Inyo,27,18,0,0,0
3/17/2020,1,0,Kern,29,1,0,,
3/18/2020,-1,0,Kern,29,0,0,-1,0
3/19/2020,6,0,Kern,29,3,0,3,0
3/20/2020,3,0,Kern,29,3,0,0,0
3/21/2020,5,0,Kern,29,4,0,1,0
3/22/2020,4,0,Kern,29,4,0,0,0
3/23/2020,20,0,Kern,29,12,0,8,0
3/24/2020,16,0,Kern,29,14,0,2,0
3/25/2020,32,0,Kern,29,23,0,9,0
3/26/2020,41,0,Kern,29,32,0,9,0
3/27/2020,48,2,Kern,29,40,1,8,1
3/28/2020,52,1,Kern,29,46,1,6,0
3/29/2020,54,1,Kern,29,50,1,4,0
3/30/2020,98,1,Kern,29,74,1,24,0
3/31/2020,122,1,Kern,29,98,1,24,0
4/1/2020,154,1,Kern,29,126,1,28,0
4/2/2020,184,1,Kern,29,155,1,29,0
4/3/2020,233,3,Kern,29,194,2,39,1
4/4/2020,216,2,Kern,29,205,2,11,0
4/5/2020,245,2,Kern,29,225,2,20,0
4/6/2020,267,2,Kern,29,246,2,21,0
4/7/2020,276,2,Kern,29,261,2,15,0
4/8/2020,345,2,Kern,29,303,2,42,0
4/9/2020,357,4,Kern,29,330,3,27,1
4/10/2020,396,3,Kern,29,363,3,33,0
4/11/2020,375,3,Kern,29,369,3,6,0
4/12/2020,423,3,Kern,29,396,3,27,0
4/13/2020,496,3,Kern,29,446,3,50,0
4/14/2020,586,3,Kern,29,516,3,70,0
4/15/2020,590,3,Kern,29,553,3,37,0
4/16/2020,577,3,Kern,29,565,3,12,0
4/17/2020,591,3,Kern,29,578,3,13,0
4/18/2020,642,3,Kern,29,610,3,32,0
4/19/2020,636,3,Kern,29,623,3,13,0
4/20/2020,663,3,Kern,29,643,3,20,0
3/27/2020,1,0,Kings,31,1,0,,
3/28/2020,3,0,Kings,31,2,0,1,0
3/29/2020,2,0,Kings,31,2,0,0,0
3/30/2020,4,0,Kings,31,3,0,1,0
3/31/2020,5,0,Kings,31,4,0,1,0
4/1/2020,6,0,Kings,31,5,0,1,0
4/2/2020,5,0,Kings,31,5,0,0,0
4/3/2020,5,0,Kings,31,5,0,0,0
4/4/2020,5,0,Kings,31,5,0,0,0
4/5/2020,5,0,Kings,31,5,0,0,0
4/6/2020,5,0,Kings,31,5,0,0,0
4/7/2020,5,0,Kings,31,5,0,0,0
4/8/2020,11,0,Kings,31,8,0,3,0
4/9/2020,8,0,Kings,31,8,0,0,0
4/10/2020,10,0,Kings,31,9,0,1,0
4/11/2020,11,2,Kings,31,10,1,1,1
4/12/2020,10,1,Kings,31,10,1,0,0
4/13/2020,14,1,Kings,31,12,1,2,0
4/14/2020,14,1,Kings,31,13,1,1,0
4/15/2020,13,1,Kings,31,13,1,0,0
4/16/2020,23,1,Kings,31,18,1,5,0
4/17/2020,22,1,Kings,31,20,1,2,0
4/18/2020,40,1,Kings,31,30,1,10,0
4/19/2020,30,1,Kings,31,30,1,0,0
4/20/2020,34,1,Kings,31,32,1,2,0
4/5/2020,1,0,Lake,33,1,0,,
4/6/2020,3,0,Lake,33,2,0,1,0
4/7/2020,2,0,Lake,33,2,0,0,0
4/8/2020,4,0,Lake,33,3,0,1,0
4/9/2020,3,0,Lake,33,3,0,0,0
4/10/2020,5,0,Lake,33,4,0,1,0
4/11/2020,4,0,Lake,33,4,0,0,0
4/12/2020,4,0,Lake,33,4,0,0,0
4/13/2020,4,0,Lake,33,4,0,0,0
4/14/2020,6,0,Lake,33,5,0,1,0
4/15/2020,5,0,Lake,33,5,0,0,0
4/16/2020,7,0,Lake,33,6,0,1,0
4/17/2020,6,0,Lake,33,6,0,0,0
4/18/2020,6,0,Lake,33,6,0,0,0
4/19/2020,6,0,Lake,33,6,0,0,0
4/20/2020,6,0,Lake,33,6,0,0,0
1/26/2020,1,0,Los Angeles,37,1,0,,
1/27/2020,1,0,Los Angeles,37,1,0,0,0
1/28/2020,1,0,Los Angeles,37,1,0,0,0
1/29/2020,1,0,Los Angeles,37,1,0,0,0
1/30/2020,1,0,Los Angeles,37,1,0,0,0
1/31/2020,1,0,Los Angeles,37,1,0,0,0
2/1/2020,1,0,Los Angeles,37,1,0,0,0
2/2/2020,1,0,Los Angeles,37,1,0,0,0
2/3/2020,1,0,Los Angeles,37,1,0,0,0
2/4/2020,1,0,Los Angeles,37,1,0,0,0
2/5/2020,1,0,Los Angeles,37,1,0,0,0
2/6/2020,1,0,Los Angeles,37,1,0,0,0
2/7/2020,1,0,Los Angeles,37,1,0,0,0
2/8/2020,1,0,Los Angeles,37,1,0,0,0
2/9/2020,1,0,Los Angeles,37,1,0,0,0
2/10/2020,1,0,Los Angeles,37,1,0,0,0
2/11/2020,1,0,Los Angeles,37,1,0,0,0
2/12/2020,1,0,Los Angeles,37,1,0,0,0
2/13/2020,1,0,Los Angeles,37,1,0,0,0
2/14/2020,1,0,Los Angeles,37,1,0,0,0
2/15/2020,1,0,Los Angeles,37,1,0,0,0
2/16/2020,1,0,Los Angeles,37,1,0,0,0
2/17/2020,1,0,Los Angeles,37,1,0,0,0
2/18/2020,1,0,Los Angeles,37,1,0,0,0
2/19/2020,1,0,Los Angeles,37,1,0,0,0
2/20/2020,1,0,Los Angeles,37,1,0,0,0
2/21/2020,1,0,Los Angeles,37,1,0,0,0
2/22/2020,1,0,Los Angeles,37,1,0,0,0
2/23/2020,1,0,Los Angeles,37,1,0,0,0
2/24/2020,1,0,Los Angeles,37,1,0,0,0
2/25/2020,1,0,Los Angeles,37,1,0,0,0
2/26/2020,1,0,Los Angeles,37,1,0,0,0
2/27/2020,1,0,Los Angeles,37,1,0,0,0
2/28/2020,1,0,Los Angeles,37,1,0,0,0
2/29/2020,1,0,Los Angeles,37,1,0,0,0
3/1/2020,1,0,Los Angeles,37,1,0,0,0
3/2/2020,1,0,Los Angeles,37,1,0,0,0
3/3/2020,1,0,Los Angeles,37,1,0,0,0
3/4/2020,13,0,Los Angeles,37,7,0,6,0
3/5/2020,15,0,Los Angeles,37,11,0,4,0
3/6/2020,15,0,Los Angeles,37,13,0,2,0
3/7/2020,15,0,Los Angeles,37,14,0,1,0
3/8/2020,14,0,Los Angeles,37,14,0,0,0
3/9/2020,24,0,Los Angeles,37,19,0,5,0
3/10/2020,21,0,Los Angeles,37,20,0,1,0
3/11/2020,38,2,Los Angeles,37,29,1,9,1
3/12/2020,35,1,Los Angeles,37,32,1,3,0
3/13/2020,48,1,Los Angeles,37,40,1,8,0
3/14/2020,68,1,Los Angeles,37,54,1,14,0
3/15/2020,84,1,Los Angeles,37,69,1,15,0
3/16/2020,119,1,Los Angeles,37,94,1,25,0
3/17/2020,200,1,Los Angeles,37,147,1,53,0
3/18/2020,237,1,Los Angeles,37,192,1,45,0
3/19/2020,270,3,Los Angeles,37,231,2,39,1
3/20/2020,359,2,Los Angeles,37,295,2,64,0
3/21/2020,411,6,Los Angeles,37,353,4,58,2
3/22/2020,469,6,Los Angeles,37,411,5,58,1
3/23/2020,675,11,Los Angeles,37,543,8,132,3
3/24/2020,797,12,Los Angeles,37,670,10,127,2
3/25/2020,958,16,Los Angeles,37,814,13,144,3
3/26/2020,1646,29,Los Angeles,37,1230,21,416,8
3/27/2020,1734,31,Los Angeles,37,1482,26,252,5
3/28/2020,2154,38,Los Angeles,37,1818,32,336,6
3/29/2020,2476,42,Los Angeles,37,2147,37,329,5
3/30/2020,2863,51,Los Angeles,37,2505,44,358,7
3/31/2020,3569,64,Los Angeles,37,3037,54,532,10
4/1/2020,4019,78,Los Angeles,37,3528,66,491,12
4/2/2020,4614,94,Los Angeles,37,4071,80,543,14
4/3/2020,5139,106,Los Angeles,37,4605,93,534,13
4/4/2020,6045,145,Los Angeles,37,5325,119,720,26
4/5/2020,6585,145,Los Angeles,37,5955,132,630,13
4/6/2020,6827,162,Los Angeles,37,6391,147,436,15
4/7/2020,7497,199,Los Angeles,37,6944,173,553,26
4/8/2020,8202,227,Los Angeles,37,7573,200,629,27
4/9/2020,8395,250,Los Angeles,37,7984,225,411,25
4/10/2020,8922,263,Los Angeles,37,8453,244,469,19
4/11/2020,9325,290,Los Angeles,37,8889,267,436,23
4/12/2020,9505,333,Los Angeles,37,9197,300,308,33
4/13/2020,9763,352,Los Angeles,37,9480,326,283,26
4/14/2020,10670,406,Los Angeles,37,10075,366,595,40
4/15/2020,10959,444,Los Angeles,37,10517,405,442,39
4/16/2020,11273,509,Los Angeles,37,10895,457,378,52
4/17/2020,11947,545,Los Angeles,37,11421,501,526,44
4/18/2020,12681,653,Los Angeles,37,12051,577,630,76
4/19/2020,12647,625,Los Angeles,37,12349,601,298,24
4/20/2020,15297,637,Los Angeles,37,13823,619,1474,18
3/7/2020,1,0,Madera,39,1,0,,
3/8/2020,1,0,Madera,39,1,0,0,0
3/9/2020,1,0,Madera,39,1,0,0,0
3/10/2020,1,0,Madera,39,1,0,0,0
3/11/2020,1,0,Madera,39,1,0,0,0
3/12/2020,1,0,Madera,39,1,0,0,0
3/13/2020,1,0,Madera,39,1,0,0,0
3/14/2020,1,0,Madera,39,1,0,0,0
3/15/2020,1,0,Madera,39,1,0,0,0
3/16/2020,1,0,Madera,39,1,0,0,0
3/17/2020,1,0,Madera,39,1,0,0,0
3/18/2020,1,0,Madera,39,1,0,0,0
3/19/2020,3,0,Madera,39,2,0,1,0
3/20/2020,4,0,Madera,39,3,0,1,0
3/21/2020,3,0,Madera,39,3,0,0,0
3/22/2020,3,0,Madera,39,3,0,0,0
3/23/2020,9,0,Madera,39,6,0,3,0
3/24/2020,6,0,Madera,39,6,0,0,0
3/25/2020,8,0,Madera,39,7,0,1,0
3/26/2020,13,2,Madera,39,10,1,3,1
3/27/2020,12,1,Madera,39,11,1,1,0
3/28/2020,19,1,Madera,39,15,1,4,0
3/29/2020,21,1,Madera,39,18,1,3,0
3/30/2020,24,1,Madera,39,21,1,3,0
3/31/2020,25,1,Madera,39,23,1,2,0
4/1/2020,27,1,Madera,39,25,1,2,0
4/2/2020,31,1,Madera,39,28,1,3,0
4/3/2020,28,1,Madera,39,28,1,0,0
4/4/2020,28,1,Madera,39,28,1,0,0
4/5/2020,28,1,Madera,39,28,1,0,0
4/6/2020,28,1,Madera,39,28,1,0,0
4/7/2020,28,1,Madera,39,28,1,0,0
4/8/2020,28,1,Madera,39,28,1,0,0
4/9/2020,32,3,Madera,39,30,2,2,1
4/10/2020,34,2,Madera,39,32,2,2,0
4/11/2020,32,2,Madera,39,32,2,0,0
4/12/2020,34,2,Madera,39,33,2,1,0
4/13/2020,33,2,Madera,39,33,2,0,0
4/14/2020,33,2,Madera,39,33,2,0,0
4/15/2020,33,2,Madera,39,33,2,0,0
4/16/2020,33,2,Madera,39,33,2,0,0
4/17/2020,33,2,Madera,39,33,2,0,0
4/18/2020,35,2,Madera,39,34,2,1,0
4/19/2020,34,2,Madera,39,34,2,0,0
4/20/2020,38,2,Madera,39,36,2,2,0
1/26/2020,0,0,Marin,41,0,0,,
1/31/2020,0,0,Marin,41,0,0,0,0
2/2/2020,0,0,Marin,41,0,0,0,0
2/20/2020,0,0,Marin,41,0,0,0,0
2/21/2020,0,0,Marin,41,0,0,0,0
2/26/2020,0,0,Marin,41,0,0,0,0
2/28/2020,0,0,Marin,41,0,0,0,0
2/29/2020,0,0,Marin,41,0,0,0,0
3/1/2020,0,0,Marin,41,0,0,0,0
3/2/2020,0,0,Marin,41,0,0,0,0
3/3/2020,0,0,Marin,41,0,0,0,0
3/4/2020,0,0,Marin,41,0,0,0,0
3/5/2020,0,0,Marin,41,0,0,0,0
3/6/2020,0,0,Marin,41,0,0,0,0
3/7/2020,0,0,Marin,41,0,0,0,0
3/8/2020,0,0,Marin,41,0,0,0,0
3/9/2020,2,0,Marin,41,1,0,1,0
3/10/2020,1,0,Marin,41,1,0,0,0
3/11/2020,5,0,Marin,41,3,0,2,0
3/12/2020,3,0,Marin,41,3,0,0,0
3/13/2020,3,0,Marin,41,3,0,0,0
3/14/2020,7,0,Marin,41,5,0,2,0
3/15/2020,13,0,Marin,41,9,0,4,0
3/16/2020,13,0,Marin,41,11,0,2,0
3/17/2020,19,0,Marin,41,15,0,4,0
3/18/2020,15,0,Marin,41,15,0,0,0
3/19/2020,35,0,Marin,41,25,0,10,0
3/20/2020,51,0,Marin,41,38,0,13,0
3/21/2020,38,0,Marin,41,38,0,0,0
3/22/2020,38,0,Marin,41,38,0,0,0
3/23/2020,56,0,Marin,41,47,0,9,0
3/24/2020,59,0,Marin,41,53,0,6,0
3/25/2020,67,0,Marin,41,60,0,7,0
3/26/2020,70,0,Marin,41,65,0,5,0
3/27/2020,73,2,Marin,41,69,1,4,1
3/28/2020,79,1,Marin,41,74,1,5,0
3/29/2020,112,1,Marin,41,93,1,19,0
3/30/2020,103,7,Marin,41,98,4,5,3
3/31/2020,116,6,Marin,41,107,5,9,1
4/1/2020,109,7,Marin,41,108,6,1,1
4/2/2020,128,6,Marin,41,118,6,10,0
4/3/2020,144,6,Marin,41,131,6,13,0
4/4/2020,143,8,Marin,41,137,7,6,1
4/5/2020,145,7,Marin,41,141,7,4,0
4/6/2020,145,11,Marin,41,143,9,2,2
4/7/2020,153,11,Marin,41,148,10,5,1
4/8/2020,150,10,Marin,41,149,10,1,0
4/9/2020,159,10,Marin,41,154,10,5,0
4/10/2020,152,10,Marin,41,153,10,-1,0
4/11/2020,153,10,Marin,41,153,10,0,0
4/12/2020,175,10,Marin,41,164,10,11,0
4/13/2020,176,10,Marin,41,170,10,6,0
4/14/2020,172,10,Marin,41,171,10,1,0
4/15/2020,197,10,Marin,41,184,10,13,0
4/16/2020,190,10,Marin,41,187,10,3,0
4/17/2020,187,10,Marin,41,187,10,0,0
4/18/2020,191,10,Marin,41,189,10,2,0
4/19/2020,201,10,Marin,41,195,10,6,0
4/20/2020,203,10,Marin,41,199,10,4,0
3/18/2020,1,0,Mendocino,45,1,0,,
3/19/2020,1,0,Mendocino,45,1,0,0,0
3/20/2020,1,0,Mendocino,45,1,0,0,0
3/21/2020,1,0,Mendocino,45,1,0,0,0
3/22/2020,1,0,Mendocino,45,1,0,0,0
3/23/2020,1,0,Mendocino,45,1,0,0,0
3/24/2020,3,0,Mendocino,45,2,0,1,0
3/25/2020,2,0,Mendocino,45,2,0,0,0
3/26/2020,2,0,Mendocino,45,2,0,0,0
3/27/2020,2,0,Mendocino,45,2,0,0,0
3/28/2020,4,0,Mendocino,45,3,0,1,0
3/29/2020,5,0,Mendocino,45,4,0,1,0
3/30/2020,4,0,Mendocino,45,4,0,0,0
3/31/2020,4,0,Mendocino,45,4,0,0,0
4/1/2020,4,0,Mendocino,45,4,0,0,0
4/2/2020,4,0,Mendocino,45,4,0,0,0
4/3/2020,4,0,Mendocino,45,4,0,0,0
4/4/2020,4,0,Mendocino,45,4,0,0,0
4/5/2020,4,0,Mendocino,45,4,0,0,0
4/6/2020,4,0,Mendocino,45,4,0,0,0
4/7/2020,4,0,Mendocino,45,4,0,0,0
4/8/2020,4,0,Mendocino,45,4,0,0,0
4/9/2020,4,0,Mendocino,45,4,0,0,0
4/10/2020,4,0,Mendocino,45,4,0,0,0
4/11/2020,4,0,Mendocino,45,4,0,0,0
4/12/2020,4,0,Mendocino,45,4,0,0,0
4/13/2020,4,0,Mendocino,45,4,0,0,0
4/14/2020,4,0,Mendocino,45,4,0,0,0
4/15/2020,4,0,Mendocino,45,4,0,0,0
4/16/2020,4,0,Mendocino,45,4,0,0,0
4/17/2020,6,0,Mendocino,45,5,0,1,0
4/18/2020,5,0,Mendocino,45,5,0,0,0
4/19/2020,5,0,Mendocino,45,5,0,0,0
4/20/2020,5,0,Mendocino,45,5,0,0,0
3/22/2020,1,0,Merced,47,1,0,,
3/23/2020,1,0,Merced,47,1,0,0,0
3/24/2020,1,0,Merced,47,1,0,0,0
3/25/2020,3,0,Merced,47,2,0,1,0
3/26/2020,6,0,Merced,47,4,0,2,0
3/27/2020,10,0,Merced,47,7,0,3,0
3/28/2020,9,0,Merced,47,8,0,1,0
3/29/2020,10,0,Merced,47,9,0,1,0
3/30/2020,11,0,Merced,47,10,0,1,0
3/31/2020,10,0,Merced,47,10,0,0,0
4/1/2020,14,0,Merced,47,12,0,2,0
4/2/2020,20,0,Merced,47,16,0,4,0
4/3/2020,22,0,Merced,47,19,0,3,0
4/4/2020,35,0,Merced,47,27,0,8,0
4/5/2020,31,2,Merced,47,29,1,2,1
4/6/2020,29,1,Merced,47,29,1,0,0
4/7/2020,39,1,Merced,47,34,1,5,0
4/8/2020,46,5,Merced,47,40,3,6,2
4/9/2020,64,3,Merced,47,52,3,12,0
4/10/2020,66,3,Merced,47,59,3,7,0
4/11/2020,69,3,Merced,47,64,3,5,0
4/12/2020,66,3,Merced,47,65,3,1,0
4/13/2020,73,3,Merced,47,69,3,4,0
4/14/2020,79,3,Merced,47,74,3,5,0
4/15/2020,82,3,Merced,47,78,3,4,0
4/16/2020,86,3,Merced,47,82,3,4,0
4/17/2020,88,3,Merced,47,85,3,3,0
4/18/2020,89,3,Merced,47,87,3,2,0
4/19/2020,93,3,Merced,47,90,3,3,0
4/20/2020,90,3,Merced,47,90,3,0,0
3/21/2020,1,0,Mono,51,1,0,,
3/22/2020,1,0,Mono,51,1,0,0,0
3/23/2020,1,0,Mono,51,1,0,0,0
3/24/2020,3,0,Mono,51,2,0,1,0
3/25/2020,6,0,Mono,51,4,0,2,0
3/26/2020,8,0,Mono,51,6,0,2,0
3/27/2020,10,0,Mono,51,8,0,2,0
3/28/2020,14,0,Mono,51,11,0,3,0
3/29/2020,15,0,Mono,51,13,0,2,0
3/30/2020,13,0,Mono,51,13,0,0,0
3/31/2020,13,2,Mono,51,13,1,0,1
4/1/2020,23,1,Mono,51,18,1,5,0
4/2/2020,18,1,Mono,51,18,1,0,0
4/3/2020,20,1,Mono,51,19,1,1,0
4/4/2020,19,1,Mono,51,19,1,0,0
4/5/2020,19,1,Mono,51,19,1,0,0
4/6/2020,19,1,Mono,51,19,1,0,0
4/7/2020,19,1,Mono,51,19,1,0,0
4/8/2020,21,1,Mono,51,20,1,1,0
4/9/2020,20,1,Mono,51,20,1,0,0
4/10/2020,22,1,Mono,51,21,1,1,0
4/11/2020,21,1,Mono,51,21,1,0,0
4/12/2020,25,1,Mono,51,23,1,2,0
4/13/2020,23,1,Mono,51,23,1,0,0
4/14/2020,23,1,Mono,51,23,1,0,0
4/15/2020,23,1,Mono,51,23,1,0,0
4/16/2020,23,1,Mono,51,23,1,0,0
4/17/2020,23,1,Mono,51,23,1,0,0
4/18/2020,23,1,Mono,51,23,1,0,0
4/19/2020,23,1,Mono,51,23,1,0,0
4/20/2020,25,1,Mono,51,24,1,1,0
3/17/2020,2,0,Monterey,53,2,0,,
3/18/2020,2,0,Monterey,53,2,0,0,0
3/19/2020,2,0,Monterey,53,2,0,0,0
3/20/2020,8,0,Monterey,53,5,0,3,0
3/21/2020,17,2,Monterey,53,11,1,6,1
3/22/2020,17,1,Monterey,53,14,1,3,0
3/23/2020,26,1,Monterey,53,20,1,6,0
3/24/2020,28,1,Monterey,53,24,1,4,0
3/25/2020,24,1,Monterey,53,24,1,0,0
3/26/2020,30,1,Monterey,53,27,1,3,0
3/27/2020,27,1,Monterey,53,27,1,0,0
3/28/2020,41,1,Monterey,53,34,1,7,0
3/29/2020,38,1,Monterey,53,36,1,2,0
3/30/2020,44,1,Monterey,53,40,1,4,0
3/31/2020,44,3,Monterey,53,42,2,2,1
4/1/2020,54,2,Monterey,53,48,2,6,0
4/2/2020,58,2,Monterey,53,53,2,5,0
4/3/2020,61,2,Monterey,53,57,2,4,0
4/4/2020,67,2,Monterey,53,62,2,5,0
4/5/2020,62,2,Monterey,53,62,2,0,0
4/6/2020,64,2,Monterey,53,63,2,1,0
4/7/2020,65,2,Monterey,53,64,2,1,0
4/8/2020,74,4,Monterey,53,69,3,5,1
4/9/2020,73,3,Monterey,53,71,3,2,0
4/10/2020,87,3,Monterey,53,79,3,8,0
4/11/2020,85,3,Monterey,53,82,3,3,0
4/12/2020,92,3,Monterey,53,87,3,5,0
4/13/2020,87,3,Monterey,53,87,3,0,0
4/14/2020,113,3,Monterey,53,100,3,13,0
4/15/2020,106,3,Monterey,53,103,3,3,0
4/16/2020,135,3,Monterey,53,119,3,16,0
4/17/2020,119,3,Monterey,53,119,3,0,0
4/18/2020,153,3,Monterey,53,136,3,17,0
4/19/2020,146,5,Monterey,53,141,4,5,1
4/20/2020,155,4,Monterey,53,148,4,7,0
3/22/2020,2,0,Napa,55,2,0,,
3/23/2020,2,0,Napa,55,2,0,0,0
3/24/2020,4,0,Napa,55,3,0,1,0
3/25/2020,9,0,Napa,55,6,0,3,0
3/26/2020,8,0,Napa,55,7,0,1,0
3/27/2020,9,0,Napa,55,8,0,1,0
3/28/2020,12,0,Napa,55,10,0,2,0
3/29/2020,18,0,Napa,55,14,0,4,0
3/30/2020,14,0,Napa,55,14,0,0,0
3/31/2020,16,2,Napa,55,15,1,1,1
4/1/2020,21,1,Napa,55,18,1,3,0
4/2/2020,18,1,Napa,55,18,1,0,0
4/3/2020,22,3,Napa,55,20,2,2,1
4/4/2020,20,2,Napa,55,20,2,0,0
4/5/2020,20,2,Napa,55,20,2,0,0
4/6/2020,24,2,Napa,55,22,2,2,0
4/7/2020,24,2,Napa,55,23,2,1,0
4/8/2020,27,2,Napa,55,25,2,2,0
4/9/2020,31,2,Napa,55,28,2,3,0
4/10/2020,36,2,Napa,55,32,2,4,0
4/11/2020,36,2,Napa,55,34,2,2,0
4/12/2020,34,2,Napa,55,34,2,0,0
4/13/2020,34,2,Napa,55,34,2,0,0
4/14/2020,42,2,Napa,55,38,2,4,0
4/15/2020,38,2,Napa,55,38,2,0,0
4/16/2020,40,2,Napa,55,39,2,1,0
4/17/2020,49,2,Napa,55,44,2,5,0
4/18/2020,50,2,Napa,55,47,2,3,0
4/19/2020,47,2,Napa,55,47,2,0,0
4/20/2020,49,2,Napa,55,48,2,1,0
3/16/2020,1,0,Nevada,57,1,0,,
3/17/2020,1,0,Nevada,57,1,0,0,0
3/18/2020,1,0,Nevada,57,1,0,0,0
3/19/2020,1,0,Nevada,57,1,0,0,0
3/20/2020,1,0,Nevada,57,1,0,0,0
3/21/2020,1,0,Nevada,57,1,0,0,0
3/22/2020,1,0,Nevada,57,1,0,0,0
3/23/2020,5,0,Nevada,57,3,0,2,0
3/24/2020,5,0,Nevada,57,4,0,1,0
3/25/2020,10,0,Nevada,57,7,0,3,0
3/26/2020,9,0,Nevada,57,8,0,1,0
3/27/2020,8,0,Nevada,57,8,0,0,0
3/28/2020,16,0,Nevada,57,12,0,4,0
3/29/2020,22,0,Nevada,57,17,0,5,0
3/30/2020,25,0,Nevada,57,21,0,4,0
3/31/2020,31,0,Nevada,57,26,0,5,0
4/1/2020,26,0,Nevada,57,26,0,0,0
4/2/2020,34,0,Nevada,57,30,0,4,0
4/3/2020,32,2,Nevada,57,31,1,1,1
4/4/2020,31,1,Nevada,57,31,1,0,0
4/5/2020,31,1,Nevada,57,31,1,0,0
4/6/2020,33,1,Nevada,57,32,1,1,0
4/7/2020,36,1,Nevada,57,34,1,2,0
4/8/2020,34,1,Nevada,57,34,1,0,0
4/9/2020,34,1,Nevada,57,34,1,0,0
4/10/2020,34,1,Nevada,57,34,1,0,0
4/11/2020,34,1,Nevada,57,34,1,0,0
4/12/2020,34,1,Nevada,57,34,1,0,0
4/13/2020,34,1,Nevada,57,34,1,0,0
4/14/2020,34,1,Nevada,57,34,1,0,0
4/15/2020,34,1,Nevada,57,34,1,0,0
4/16/2020,34,1,Nevada,57,34,1,0,0
4/17/2020,38,1,Nevada,57,36,1,2,0
4/18/2020,36,1,Nevada,57,36,1,0,0
4/19/2020,36,1,Nevada,57,36,1,0,0
4/20/2020,40,1,Nevada,57,38,1,2,0
1/26/2020,1,0,Orange,59,1,0,,
1/27/2020,1,0,Orange,59,1,0,0,0
1/28/2020,1,0,Orange,59,1,0,0,0
1/29/2020,1,0,Orange,59,1,0,0,0
1/30/2020,1,0,Orange,59,1,0,0,0
1/31/2020,1,0,Orange,59,1,0,0,0
2/1/2020,1,0,Orange,59,1,0,0,0
2/2/2020,1,0,Orange,59,1,0,0,0
2/3/2020,1,0,Orange,59,1,0,0,0
2/4/2020,1,0,Orange,59,1,0,0,0
2/5/2020,1,0,Orange,59,1,0,0,0
2/6/2020,1,0,Orange,59,1,0,0,0
2/7/2020,1,0,Orange,59,1,0,0,0
2/8/2020,1,0,Orange,59,1,0,0,0
2/9/2020,1,0,Orange,59,1,0,0,0
2/10/2020,1,0,Orange,59,1,0,0,0
2/11/2020,1,0,Orange,59,1,0,0,0
2/12/2020,1,0,Orange,59,1,0,0,0
2/13/2020,1,0,Orange,59,1,0,0,0
2/14/2020,1,0,Orange,59,1,0,0,0
2/15/2020,1,0,Orange,59,1,0,0,0
2/16/2020,1,0,Orange,59,1,0,0,0
2/17/2020,1,0,Orange,59,1,0,0,0
2/18/2020,1,0,Orange,59,1,0,0,0
2/19/2020,1,0,Orange,59,1,0,0,0
2/20/2020,1,0,Orange,59,1,0,0,0
2/21/2020,1,0,Orange,59,1,0,0,0
2/22/2020,1,0,Orange,59,1,0,0,0
2/23/2020,1,0,Orange,59,1,0,0,0
2/24/2020,1,0,Orange,59,1,0,0,0
2/25/2020,1,0,Orange,59,1,0,0,0
2/26/2020,1,0,Orange,59,1,0,0,0
2/27/2020,1,0,Orange,59,1,0,0,0
2/28/2020,1,0,Orange,59,1,0,0,0
2/29/2020,1,0,Orange,59,1,0,0,0
3/1/2020,1,0,Orange,59,1,0,0,0
3/2/2020,1,0,Orange,59,1,0,0,0
3/3/2020,5,0,Orange,59,3,0,2,0
3/4/2020,3,0,Orange,59,3,0,0,0
3/5/2020,3,0,Orange,59,3,0,0,0
3/6/2020,5,0,Orange,59,4,0,1,0
3/7/2020,4,0,Orange,59,4,0,0,0
3/8/2020,4,0,Orange,59,4,0,0,0
3/9/2020,6,0,Orange,59,5,0,1,0
3/10/2020,5,0,Orange,59,5,0,0,0
3/11/2020,7,0,Orange,59,6,0,1,0
3/12/2020,6,0,Orange,59,6,0,0,0
3/13/2020,6,0,Orange,59,6,0,0,0
3/14/2020,22,0,Orange,59,14,0,8,0
3/15/2020,20,0,Orange,59,17,0,3,0
3/16/2020,27,0,Orange,59,22,0,5,0
3/17/2020,36,0,Orange,59,29,0,7,0
3/18/2020,53,0,Orange,59,41,0,12,0
3/19/2020,61,0,Orange,59,51,0,10,0
3/20/2020,77,0,Orange,59,64,0,13,0
3/21/2020,90,0,Orange,59,77,0,13,0
3/22/2020,111,0,Orange,59,94,0,17,0
3/23/2020,150,0,Orange,59,122,0,28,0
3/24/2020,172,2,Orange,59,147,1,25,1
3/25/2020,221,1,Orange,59,184,1,37,0
3/26/2020,312,1,Orange,59,248,1,64,0
3/27/2020,384,5,Orange,59,316,3,68,2
3/28/2020,474,5,Orange,59,395,4,79,1
3/29/2020,445,4,Orange,59,420,4,25,0
3/30/2020,490,4,Orange,59,455,4,35,0
3/31/2020,533,10,Orange,59,494,7,39,3
4/1/2020,702,13,Orange,59,598,10,104,3
4/2/2020,708,16,Orange,59,653,13,55,3
4/3/2020,767,13,Orange,59,710,13,57,0
4/4/2020,854,15,Orange,59,782,14,72,1
4/5/2020,880,14,Orange,59,831,14,49,0
4/6/2020,931,14,Orange,59,881,14,50,0
4/7/2020,981,16,Orange,59,931,15,50,1
4/8/2020,1101,19,Orange,59,1016,17,85,2
4/9/2020,1142,17,Orange,59,1079,17,63,0
4/10/2020,1197,17,Orange,59,1138,17,59,0
4/11/2020,1304,19,Orange,59,1221,18,83,1
4/12/2020,1333,20,Orange,59,1277,19,56,1
4/13/2020,1289,19,Orange,59,1283,19,6,0
4/14/2020,1315,19,Orange,59,1299,19,16,0
4/15/2020,1453,25,Orange,59,1376,22,77,3
4/16/2020,1474,28,Orange,59,1425,25,49,3
4/17/2020,1577,31,Orange,59,1501,28,76,3
4/18/2020,1611,36,Orange,59,1556,32,55,4
4/19/2020,1716,32,Orange,59,1636,32,80,0
4/20/2020,1716,34,Orange,59,1676,33,40,1
1/26/2020,0,0,Placer,61,0,0,,
1/31/2020,0,0,Placer,61,0,0,0,0
2/2/2020,0,0,Placer,61,0,0,0,0
2/20/2020,0,0,Placer,61,0,0,0,0
2/21/2020,0,0,Placer,61,0,0,0,0
2/26/2020,0,0,Placer,61,0,0,0,0
2/28/2020,0,0,Placer,61,0,0,0,0
2/29/2020,0,0,Placer,61,0,0,0,0
3/1/2020,0,0,Placer,61,0,0,0,0
3/2/2020,2,0,Placer,61,1,0,1,0
3/3/2020,3,0,Placer,61,2,0,1,0
3/4/2020,2,2,Placer,61,2,1,0,1
3/5/2020,2,1,Placer,61,2,1,0,0
3/6/2020,8,1,Placer,61,5,1,3,0
3/7/2020,5,1,Placer,61,5,1,0,0
3/8/2020,5,1,Placer,61,5,1,0,0
3/9/2020,5,1,Placer,61,5,1,0,0
3/10/2020,9,1,Placer,61,7,1,2,0
3/11/2020,7,1,Placer,61,7,1,0,0
3/12/2020,7,1,Placer,61,7,1,0,0
3/13/2020,7,1,Placer,61,7,1,0,0
3/14/2020,9,1,Placer,61,8,1,1,0
3/15/2020,8,1,Placer,61,8,1,0,0
3/16/2020,8,1,Placer,61,8,1,0,0
3/17/2020,8,1,Placer,61,8,1,0,0
3/18/2020,10,1,Placer,61,9,1,1,0
3/19/2020,9,1,Placer,61,9,1,0,0
3/20/2020,9,1,Placer,61,9,1,0,0
3/21/2020,15,1,Placer,61,12,1,3,0
3/22/2020,12,1,Placer,61,12,1,0,0
3/23/2020,28,1,Placer,61,20,1,8,0
3/24/2020,32,1,Placer,61,26,1,6,0
3/25/2020,34,1,Placer,61,30,1,4,0
3/26/2020,30,1,Placer,61,30,1,0,0
3/27/2020,52,1,Placer,61,41,1,11,0
3/28/2020,47,1,Placer,61,44,1,3,0
3/29/2020,62,3,Placer,61,53,2,9,1
3/30/2020,61,2,Placer,61,57,2,4,0
3/31/2020,77,2,Placer,61,67,2,10,0
4/1/2020,89,2,Placer,61,78,2,11,0
4/2/2020,102,2,Placer,61,90,2,12,0
4/3/2020,104,2,Placer,61,97,2,7,0
4/4/2020,105,2,Placer,61,101,2,4,0
4/5/2020,105,4,Placer,61,103,3,2,1
4/6/2020,109,3,Placer,61,106,3,3,0
4/7/2020,124,3,Placer,61,115,3,9,0
4/8/2020,119,5,Placer,61,117,4,2,1
4/9/2020,123,4,Placer,61,120,4,3,0
4/10/2020,126,4,Placer,61,123,4,3,0
4/11/2020,125,4,Placer,61,124,4,1,0
4/12/2020,124,4,Placer,61,124,4,0,0
4/13/2020,130,6,Placer,61,127,5,3,1
4/14/2020,129,5,Placer,61,128,5,1,0
4/15/2020,130,9,Placer,61,129,7,1,2
4/16/2020,131,9,Placer,61,130,8,1,1
4/17/2020,130,8,Placer,61,130,8,0,0
4/18/2020,132,8,Placer,61,131,8,1,0
4/19/2020,133,8,Placer,61,132,8,1,0
4/20/2020,132,8,Placer,61,132,8,0,0
3/31/2020,1,0,Plumas,63,1,0,,
4/1/2020,1,0,Plumas,63,1,0,0,0
4/2/2020,3,0,Plumas,63,2,0,1,0
4/3/2020,2,0,Plumas,63,2,0,0,0
4/4/2020,4,0,Plumas,63,3,0,1,0
4/5/2020,3,0,Plumas,63,3,0,0,0
4/6/2020,3,0,Plumas,63,3,0,0,0
4/7/2020,3,0,Plumas,63,3,0,0,0
4/8/2020,3,0,Plumas,63,3,0,0,0
4/9/2020,3,0,Plumas,63,3,0,0,0
4/10/2020,5,0,Plumas,63,4,0,1,0
4/11/2020,4,0,Plumas,63,4,0,0,0
4/12/2020,4,0,Plumas,63,4,0,0,0
4/13/2020,4,0,Plumas,63,4,0,0,0
4/14/2020,4,0,Plumas,63,4,0,0,0
4/15/2020,4,0,Plumas,63,4,0,0,0
4/16/2020,4,0,Plumas,63,4,0,0,0
4/17/2020,4,0,Plumas,63,4,0,0,0
4/18/2020,4,0,Plumas,63,4,0,0,0
4/19/2020,4,0,Plumas,63,4,0,0,0
4/20/2020,4,0,Plumas,63,4,0,0,0
1/26/2020,0,0,Riverside,65,0,0,,
1/31/2020,0,0,Riverside,65,0,0,0,0
2/2/2020,0,0,Riverside,65,0,0,0,0
2/20/2020,0,0,Riverside,65,0,0,0,0
2/21/2020,0,0,Riverside,65,0,0,0,0
2/26/2020,0,0,Riverside,65,0,0,0,0
2/28/2020,0,0,Riverside,65,0,0,0,0
2/29/2020,0,0,Riverside,65,0,0,0,0
3/1/2020,0,0,Riverside,65,0,0,0,0
3/2/2020,0,0,Riverside,65,0,0,0,0
3/3/2020,0,0,Riverside,65,0,0,0,0
3/4/2020,0,0,Riverside,65,0,0,0,0
3/5/2020,0,0,Riverside,65,0,0,0,0
3/6/2020,0,0,Riverside,65,0,0,0,0
3/7/2020,4,0,Riverside,65,2,0,2,0
3/8/2020,2,0,Riverside,65,2,0,0,0
3/9/2020,10,0,Riverside,65,6,0,4,0
3/10/2020,6,0,Riverside,65,6,0,0,0
3/11/2020,8,0,Riverside,65,7,0,1,0
3/12/2020,9,0,Riverside,65,8,0,1,0
3/13/2020,16,0,Riverside,65,12,0,4,0
3/14/2020,16,0,Riverside,65,14,0,2,0
3/15/2020,14,0,Riverside,65,14,0,0,0
3/16/2020,16,4,Riverside,65,15,2,1,2
3/17/2020,17,4,Riverside,65,16,3,1,1
3/18/2020,16,3,Riverside,65,16,3,0,0
3/19/2020,28,3,Riverside,65,22,3,6,0
3/20/2020,34,5,Riverside,65,28,4,6,1
3/21/2020,32,6,Riverside,65,30,5,2,1
3/22/2020,60,7,Riverside,65,45,6,15,1
3/23/2020,51,6,Riverside,65,48,6,3,0
3/24/2020,70,6,Riverside,65,59,6,11,0
3/25/2020,155,10,Riverside,65,107,8,48,2
3/26/2020,107,8,Riverside,65,107,8,0,0
3/27/2020,263,8,Riverside,65,185,8,78,0
3/28/2020,205,8,Riverside,65,195,8,10,0
3/29/2020,271,8,Riverside,65,233,8,38,0
3/30/2020,349,10,Riverside,65,291,9,58,1
3/31/2020,451,17,Riverside,65,371,13,80,4
4/1/2020,487,13,Riverside,65,429,13,58,0
4/2/2020,557,15,Riverside,65,493,14,64,1
4/3/2020,783,16,Riverside,65,638,15,145,1
4/4/2020,692,21,Riverside,65,665,18,27,3
4/5/2020,933,20,Riverside,65,799,19,134,1
4/6/2020,1093,31,Riverside,65,946,25,147,6
4/7/2020,1086,31,Riverside,65,1016,28,70,3
4/8/2020,1342,36,Riverside,65,1179,32,163,4
4/9/2020,1381,34,Riverside,65,1280,33,101,1
4/10/2020,1420,45,Riverside,65,1350,39,70,6
4/11/2020,1512,43,Riverside,65,1431,41,81,2
4/12/2020,1807,41,Riverside,65,1619,41,188,0
4/13/2020,1883,59,Riverside,65,1751,50,132,9
4/14/2020,2171,50,Riverside,65,1961,50,210,0
4/15/2020,2249,58,Riverside,65,2105,54,144,4
4/16/2020,2423,64,Riverside,65,2264,59,159,5
4/17/2020,2650,79,Riverside,65,2457,69,193,10
4/18/2020,2747,79,Riverside,65,2602,74,145,5
4/19/2020,2674,76,Riverside,65,2638,75,36,1
4/20/2020,3056,95,Riverside,65,2847,85,209,10
1/26/2020,0,0,Sacramento,67,0,0,,
1/31/2020,0,0,Sacramento,67,0,0,0,0
2/2/2020,0,0,Sacramento,67,0,0,0,0
2/20/2020,0,0,Sacramento,67,0,0,0,0
2/21/2020,2,0,Sacramento,67,1,0,1,0
2/22/2020,1,0,Sacramento,67,1,0,0,0
2/23/2020,1,0,Sacramento,67,1,0,0,0
2/24/2020,1,0,Sacramento,67,1,0,0,0
2/25/2020,1,0,Sacramento,67,1,0,0,0
2/26/2020,1,0,Sacramento,67,1,0,0,0
2/27/2020,1,0,Sacramento,67,1,0,0,0
2/28/2020,1,0,Sacramento,67,1,0,0,0
2/29/2020,1,0,Sacramento,67,1,0,0,0
3/1/2020,1,0,Sacramento,67,1,0,0,0
3/2/2020,1,0,Sacramento,67,1,0,0,0
3/3/2020,1,0,Sacramento,67,1,0,0,0
3/4/2020,1,0,Sacramento,67,1,0,0,0
3/5/2020,5,0,Sacramento,67,3,0,2,0
3/6/2020,3,0,Sacramento,67,3,0,0,0
3/7/2020,3,0,Sacramento,67,3,0,0,0
3/8/2020,3,0,Sacramento,67,3,0,0,0
3/9/2020,17,0,Sacramento,67,10,0,7,0
3/10/2020,10,2,Sacramento,67,10,1,0,1
3/11/2020,10,1,Sacramento,67,10,1,0,0
3/12/2020,24,1,Sacramento,67,17,1,7,0
3/13/2020,17,1,Sacramento,67,17,1,0,0
3/14/2020,41,1,Sacramento,67,29,1,12,0
3/15/2020,35,1,Sacramento,67,32,1,3,0
3/16/2020,34,3,Sacramento,67,33,2,1,1
3/17/2020,47,2,Sacramento,67,40,2,7,0
3/18/2020,40,2,Sacramento,67,40,2,0,0
3/19/2020,50,4,Sacramento,67,45,3,5,1
3/20/2020,61,3,Sacramento,67,53,3,8,0
3/21/2020,53,3,Sacramento,67,53,3,0,0
3/22/2020,53,3,Sacramento,67,53,3,0,0
3/23/2020,123,5,Sacramento,67,88,4,35,1
3/24/2020,88,4,Sacramento,67,88,4,0,0
3/25/2020,138,6,Sacramento,67,113,5,25,1
3/26/2020,113,5,Sacramento,67,113,5,0,0
3/27/2020,215,7,Sacramento,67,164,6,51,1
3/28/2020,164,6,Sacramento,67,164,6,0,0
3/29/2020,164,6,Sacramento,67,164,6,0,0
3/30/2020,284,8,Sacramento,67,224,7,60,1
3/31/2020,224,7,Sacramento,67,224,7,0,0
4/1/2020,404,11,Sacramento,67,314,9,90,2
4/2/2020,368,9,Sacramento,67,341,9,27,0
4/3/2020,439,11,Sacramento,67,390,10,49,1
4/4/2020,390,10,Sacramento,67,390,10,0,0
4/5/2020,494,22,Sacramento,67,442,16,52,6
4/6/2020,482,20,Sacramento,67,462,18,20,2
4/7/2020,588,24,Sacramento,67,525,21,63,3
4/8/2020,635,23,Sacramento,67,580,22,55,1
4/9/2020,646,22,Sacramento,67,613,22,33,0
4/10/2020,693,26,Sacramento,67,653,24,40,2
4/11/2020,745,28,Sacramento,67,699,26,46,2
4/12/2020,715,26,Sacramento,67,707,26,8,0
4/13/2020,771,28,Sacramento,67,739,27,32,1
4/14/2020,893,29,Sacramento,67,816,28,77,1
4/15/2020,890,36,Sacramento,67,853,32,37,4
4/16/2020,905,32,Sacramento,67,879,32,26,0
4/17/2020,913,32,Sacramento,67,896,32,17,0
4/18/2020,932,34,Sacramento,67,914,33,18,1
4/19/2020,936,35,Sacramento,67,925,34,11,1
4/20/2020,955,34,Sacramento,67,940,34,15,0
1/26/2020,0,0,San Benito,69,0,0,,
1/31/2020,0,0,San Benito,69,0,0,0,0
2/2/2020,4,0,San Benito,69,2,0,2,0
2/3/2020,2,0,San Benito,69,2,0,0,0
2/4/2020,2,0,San Benito,69,2,0,0,0
2/5/2020,2,0,San Benito,69,2,0,0,0
2/6/2020,2,0,San Benito,69,2,0,0,0
2/7/2020,2,0,San Benito,69,2,0,0,0
2/8/2020,2,0,San Benito,69,2,0,0,0
2/9/2020,2,0,San Benito,69,2,0,0,0
2/10/2020,2,0,San Benito,69,2,0,0,0
2/11/2020,2,0,San Benito,69,2,0,0,0
2/12/2020,2,0,San Benito,69,2,0,0,0
2/13/2020,2,0,San Benito,69,2,0,0,0
2/14/2020,2,0,San Benito,69,2,0,0,0
2/15/2020,2,0,San Benito,69,2,0,0,0
2/16/2020,2,0,San Benito,69,2,0,0,0
2/17/2020,2,0,San Benito,69,2,0,0,0
2/18/2020,2,0,San Benito,69,2,0,0,0
2/19/2020,2,0,San Benito,69,2,0,0,0
2/20/2020,2,0,San Benito,69,2,0,0,0
2/21/2020,2,0,San Benito,69,2,0,0,0
2/22/2020,2,0,San Benito,69,2,0,0,0
2/23/2020,2,0,San Benito,69,2,0,0,0
2/24/2020,2,0,San Benito,69,2,0,0,0
2/25/2020,2,0,San Benito,69,2,0,0,0
2/26/2020,2,0,San Benito,69,2,0,0,0
2/27/2020,2,0,San Benito,69,2,0,0,0
2/28/2020,2,0,San Benito,69,2,0,0,0
2/29/2020,2,0,San Benito,69,2,0,0,0
3/1/2020,2,0,San Benito,69,2,0,0,0
3/2/2020,2,0,San Benito,69,2,0,0,0
3/3/2020,2,0,San Benito,69,2,0,0,0
3/4/2020,2,0,San Benito,69,2,0,0,0
3/5/2020,2,0,San Benito,69,2,0,0,0
3/6/2020,2,0,San Benito,69,2,0,0,0
3/7/2020,2,0,San Benito,69,2,0,0,0
3/8/2020,2,0,San Benito,69,2,0,0,0
3/9/2020,2,0,San Benito,69,2,0,0,0
3/10/2020,2,0,San Benito,69,2,0,0,0
3/11/2020,2,0,San Benito,69,2,0,0,0
3/12/2020,2,0,San Benito,69,2,0,0,0
3/13/2020,4,0,San Benito,69,3,0,1,0
3/14/2020,3,0,San Benito,69,3,0,0,0
3/15/2020,3,0,San Benito,69,3,0,0,0
3/16/2020,3,2,San Benito,69,3,1,0,1
3/17/2020,5,1,San Benito,69,4,1,1,0
3/18/2020,6,1,San Benito,69,5,1,1,0
3/19/2020,5,1,San Benito,69,5,1,0,0
3/20/2020,5,1,San Benito,69,5,1,0,0
3/21/2020,5,1,San Benito,69,5,1,0,0
3/22/2020,7,1,San Benito,69,6,1,1,0
3/23/2020,6,1,San Benito,69,6,1,0,0
3/24/2020,8,1,San Benito,69,7,1,1,0
3/25/2020,11,1,San Benito,69,9,1,2,0
3/26/2020,15,1,San Benito,69,12,1,3,0
3/27/2020,16,1,San Benito,69,14,1,2,0
3/28/2020,14,1,San Benito,69,14,1,0,0
3/29/2020,14,1,San Benito,69,14,1,0,0
3/30/2020,20,1,San Benito,69,17,1,3,0
3/31/2020,25,1,San Benito,69,21,1,4,0
4/1/2020,25,1,San Benito,69,23,1,2,0
4/2/2020,23,1,San Benito,69,23,1,0,0
4/3/2020,23,3,San Benito,69,23,2,0,1
4/4/2020,23,2,San Benito,69,23,2,0,0
4/5/2020,23,2,San Benito,69,23,2,0,0
4/6/2020,37,2,San Benito,69,30,2,7,0
4/7/2020,32,2,San Benito,69,31,2,1,0
4/8/2020,35,2,San Benito,69,33,2,2,0
4/9/2020,35,2,San Benito,69,34,2,1,0
4/10/2020,36,2,San Benito,69,35,2,1,0
4/11/2020,35,2,San Benito,69,35,2,0,0
4/12/2020,35,2,San Benito,69,35,2,0,0
4/13/2020,41,2,San Benito,69,38,2,3,0
4/14/2020,40,2,San Benito,69,39,2,1,0
4/15/2020,43,2,San Benito,69,41,2,2,0
4/16/2020,43,2,San Benito,69,42,2,1,0
4/17/2020,46,2,San Benito,69,44,2,2,0
4/18/2020,44,2,San Benito,69,44,2,0,0
4/19/2020,44,2,San Benito,69,44,2,0,0
4/20/2020,44,2,San Benito,69,44,2,0,0
3/15/2020,1,0,San Bernardino,71,1,0,,
3/16/2020,3,0,San Bernardino,71,2,0,1,0
3/17/2020,4,0,San Bernardino,71,3,0,1,0
3/18/2020,7,0,San Bernardino,71,5,0,2,0
3/19/2020,5,0,San Bernardino,71,5,0,0,0
3/20/2020,13,0,San Bernardino,71,9,0,4,0
3/21/2020,11,0,San Bernardino,71,10,0,1,0
3/22/2020,24,0,San Bernardino,71,17,0,7,0
3/23/2020,17,0,San Bernardino,71,17,0,0,0
3/24/2020,59,2,San Bernardino,71,38,1,21,1
3/25/2020,70,3,San Bernardino,71,54,2,16,1
3/26/2020,56,4,San Bernardino,71,55,3,1,1
3/27/2020,73,3,San Bernardino,71,64,3,9,0
3/28/2020,88,3,San Bernardino,71,76,3,12,0
3/29/2020,146,3,San Bernardino,71,111,3,35,0
3/30/2020,111,3,San Bernardino,71,111,3,0,0
3/31/2020,255,9,San Bernardino,71,183,6,72,3
4/1/2020,325,6,San Bernardino,71,254,6,71,0
4/2/2020,354,10,San Bernardino,71,304,8,50,2
4/3/2020,402,18,San Bernardino,71,353,13,49,5
4/4/2020,391,13,San Bernardino,71,372,13,19,0
4/5/2020,374,13,San Bernardino,71,373,13,1,0
4/6/2020,687,19,San Bernardino,71,530,16,157,3
4/7/2020,564,18,San Bernardino,71,547,17,17,1
4/8/2020,735,23,San Bernardino,71,641,20,94,3
4/9/2020,817,28,San Bernardino,71,729,24,88,4
4/10/2020,891,26,San Bernardino,71,810,25,81,1
4/11/2020,810,25,San Bernardino,71,810,25,0,0
4/12/2020,964,37,San Bernardino,71,887,31,77,6
4/13/2020,1067,31,San Bernardino,71,977,31,90,0
4/14/2020,977,31,San Bernardino,71,977,31,0,0
4/15/2020,1015,47,San Bernardino,71,996,39,19,8
4/16/2020,1068,55,San Bernardino,71,1032,47,36,8
4/17/2020,1160,63,San Bernardino,71,1096,55,64,8
4/18/2020,1342,59,San Bernardino,71,1219,57,123,2
4/19/2020,1353,57,San Bernardino,71,1286,57,67,0
4/20/2020,1526,63,San Bernardino,71,1406,60,120,3
1/26/2020,0,0,San Diego,73,0,0,,
1/31/2020,0,0,San Diego,73,0,0,0,0
2/2/2020,0,0,San Diego,73,0,0,0,0
2/20/2020,0,0,San Diego,73,0,0,0,0
2/21/2020,0,0,San Diego,73,0,0,0,0
2/26/2020,0,0,San Diego,73,0,0,0,0
2/28/2020,0,0,San Diego,73,0,0,0,0
2/29/2020,0,0,San Diego,73,0,0,0,0
3/1/2020,0,0,San Diego,73,0,0,0,0
3/2/2020,0,0,San Diego,73,0,0,0,0
3/3/2020,0,0,San Diego,73,0,0,0,0
3/4/2020,0,0,San Diego,73,0,0,0,0
3/5/2020,0,0,San Diego,73,0,0,0,0
3/6/2020,0,0,San Diego,73,0,0,0,0
3/7/2020,0,0,San Diego,73,0,0,0,0
3/8/2020,2,0,San Diego,73,1,0,1,0
3/9/2020,3,0,San Diego,73,2,0,1,0
3/10/2020,2,0,San Diego,73,2,0,0,0
3/11/2020,6,0,San Diego,73,4,0,2,0
3/12/2020,6,0,San Diego,73,5,0,1,0
3/13/2020,15,0,San Diego,73,10,0,5,0
3/14/2020,28,0,San Diego,73,19,0,9,0
3/15/2020,31,0,San Diego,73,25,0,6,0
3/16/2020,49,0,San Diego,73,37,0,12,0
3/17/2020,63,0,San Diego,73,50,0,13,0
3/18/2020,68,0,San Diego,73,59,0,9,0
3/19/2020,81,0,San Diego,73,70,0,11,0
3/20/2020,130,0,San Diego,73,100,0,30,0
3/21/2020,136,0,San Diego,73,118,0,18,0
3/22/2020,168,2,San Diego,73,143,1,25,1
3/23/2020,251,1,San Diego,73,197,1,54,0
3/24/2020,267,3,San Diego,73,232,2,35,1
3/25/2020,334,2,San Diego,73,283,2,51,0
3/26/2020,399,4,San Diego,73,341,3,58,1
3/27/2020,493,9,San Diego,73,417,6,76,3
3/28/2020,559,8,San Diego,73,488,7,71,1
3/29/2020,550,7,San Diego,73,519,7,31,0
3/30/2020,687,7,San Diego,73,603,7,84,0
3/31/2020,865,11,San Diego,73,734,9,131,2
4/1/2020,964,21,San Diego,73,849,15,115,6
4/2/2020,1083,17,San Diego,73,966,16,117,1
4/3/2020,1258,18,San Diego,73,1112,17,146,1
4/4/2020,1306,19,San Diego,73,1209,18,97,1
4/5/2020,1443,20,San Diego,73,1326,19,117,1
4/6/2020,1482,19,San Diego,73,1404,19,78,0
4/7/2020,1504,43,San Diego,73,1454,31,50,12
4/8/2020,1606,41,San Diego,73,1530,36,76,5
4/9/2020,1726,44,San Diego,73,1628,40,98,4
4/10/2020,1758,48,San Diego,73,1693,44,65,4
4/11/2020,1829,46,San Diego,73,1761,45,68,1
4/12/2020,1847,45,San Diego,73,1804,45,43,0
4/13/2020,1890,49,San Diego,73,1847,47,43,2
4/14/2020,2013,59,San Diego,73,1930,53,83,6
4/15/2020,2094,67,San Diego,73,2012,60,82,7
4/16/2020,2162,66,San Diego,73,2087,63,75,3
4/17/2020,2229,77,San Diego,73,2158,70,71,7
4/18/2020,2268,72,San Diego,73,2213,71,55,1
4/19/2020,2323,71,San Diego,73,2268,71,55,0
4/20/2020,2382,73,San Diego,73,2325,72,57,1
1/26/2020,0,0,San Francisco,75,0,0,,
1/31/2020,0,0,San Francisco,75,0,0,0,0
2/2/2020,0,0,San Francisco,75,0,0,0,0
2/20/2020,0,0,San Francisco,75,0,0,0,0
2/21/2020,0,0,San Francisco,75,0,0,0,0
2/26/2020,0,0,San Francisco,75,0,0,0,0
2/28/2020,0,0,San Francisco,75,0,0,0,0
2/29/2020,0,0,San Francisco,75,0,0,0,0
3/1/2020,0,0,San Francisco,75,0,0,0,0
3/2/2020,0,0,San Francisco,75,0,0,0,0
3/3/2020,0,0,San Francisco,75,0,0,0,0
3/4/2020,0,0,San Francisco,75,0,0,0,0
3/5/2020,4,0,San Francisco,75,2,0,2,0
3/6/2020,2,0,San Francisco,75,2,0,0,0
3/7/2020,14,0,San Francisco,75,8,0,6,0
3/8/2020,8,0,San Francisco,75,8,0,0,0
3/9/2020,18,0,San Francisco,75,13,0,5,0
3/10/2020,15,0,San Francisco,75,14,0,1,0
3/11/2020,14,0,San Francisco,75,14,0,0,0
3/12/2020,22,0,San Francisco,75,18,0,4,0
3/13/2020,28,0,San Francisco,75,23,0,5,0
3/14/2020,33,0,San Francisco,75,28,0,5,0
3/15/2020,46,0,San Francisco,75,37,0,9,0
3/16/2020,43,0,San Francisco,75,40,0,3,0
3/17/2020,46,0,San Francisco,75,43,0,3,0
3/18/2020,59,0,San Francisco,75,51,0,8,0
3/19/2020,89,0,San Francisco,75,70,0,19,0
3/20/2020,82,0,San Francisco,75,76,0,6,0
3/21/2020,92,0,San Francisco,75,84,0,8,0
3/22/2020,132,0,San Francisco,75,108,0,24,0
3/23/2020,154,0,San Francisco,75,131,0,23,0
3/24/2020,173,2,San Francisco,75,152,1,21,1
3/25/2020,204,1,San Francisco,75,178,1,26,0
3/26/2020,268,3,San Francisco,75,223,2,45,1
3/27/2020,335,4,San Francisco,75,279,3,56,1
3/28/2020,337,5,San Francisco,75,308,4,29,1
3/29/2020,372,6,San Francisco,75,340,5,32,1
3/30/2020,408,7,San Francisco,75,374,6,34,1
3/31/2020,420,6,San Francisco,75,397,6,23,0
4/1/2020,471,8,San Francisco,75,434,7,37,1
4/2/2020,466,7,San Francisco,75,450,7,16,0
4/3/2020,544,7,San Francisco,75,497,7,47,0
4/4/2020,561,9,San Francisco,75,529,8,32,1
4/5/2020,607,8,San Francisco,75,568,8,39,0
4/6/2020,598,10,San Francisco,75,583,9,15,1
4/7/2020,661,9,San Francisco,75,622,9,39,0
4/8/2020,730,11,San Francisco,75,676,10,54,1
4/9/2020,772,10,San Francisco,75,724,10,48,0
4/10/2020,870,16,San Francisco,75,797,13,73,3
4/11/2020,917,13,San Francisco,75,857,13,60,0
4/12/2020,887,15,San Francisco,75,872,14,15,1
4/13/2020,1042,16,San Francisco,75,957,15,85,1
4/14/2020,1017,15,San Francisco,75,987,15,30,0
4/15/2020,1039,19,San Francisco,75,1013,17,26,2
4/16/2020,1025,17,San Francisco,75,1019,17,6,0
4/17/2020,1097,23,San Francisco,75,1058,20,39,3
4/18/2020,1216,20,San Francisco,75,1137,20,79,0
4/19/2020,1177,20,San Francisco,75,1157,20,20,0
4/20/2020,1275,20,San Francisco,75,1216,20,59,0
3/13/2020,8,0,San Joaquin,77,8,0,,
3/14/2020,8,0,San Joaquin,77,8,0,0,0
3/15/2020,8,0,San Joaquin,77,8,0,0,0
3/16/2020,10,0,San Joaquin,77,9,0,1,0
3/17/2020,17,0,San Joaquin,77,13,0,4,0
3/18/2020,15,4,San Joaquin,77,14,2,1,2
3/19/2020,20,2,San Joaquin,77,17,2,3,0
3/20/2020,23,2,San Joaquin,77,20,2,3,0
3/21/2020,42,2,San Joaquin,77,31,2,11,0
3/22/2020,51,2,San Joaquin,77,41,2,10,0
3/23/2020,61,2,San Joaquin,77,51,2,10,0
3/24/2020,69,2,San Joaquin,77,60,2,9,0
3/25/2020,82,4,San Joaquin,77,71,3,11,1
3/26/2020,95,3,San Joaquin,77,83,3,12,0
3/27/2020,103,5,San Joaquin,77,93,4,10,1
3/28/2020,123,4,San Joaquin,77,108,4,15,0
3/29/2020,134,6,San Joaquin,77,121,5,13,1
3/30/2020,151,7,San Joaquin,77,136,6,15,1
3/31/2020,166,10,San Joaquin,77,151,8,15,2
4/1/2020,171,8,San Joaquin,77,161,8,10,0
4/2/2020,195,12,San Joaquin,77,178,10,17,2
4/3/2020,192,12,San Joaquin,77,185,11,7,1
4/4/2020,197,11,San Joaquin,77,191,11,6,0
4/5/2020,215,11,San Joaquin,77,203,11,12,0
4/6/2020,221,11,San Joaquin,77,212,11,9,0
4/7/2020,234,15,San Joaquin,77,223,13,11,2
4/8/2020,251,15,San Joaquin,77,237,14,14,1
4/9/2020,253,14,San Joaquin,77,245,14,8,0
4/10/2020,269,14,San Joaquin,77,257,14,12,0
4/11/2020,263,16,San Joaquin,77,260,15,3,1
4/12/2020,286,17,San Joaquin,77,273,16,13,1
4/13/2020,345,18,San Joaquin,77,309,17,36,1
4/14/2020,361,17,San Joaquin,77,335,17,26,0
4/15/2020,393,17,San Joaquin,77,364,17,29,0
4/16/2020,374,17,San Joaquin,77,369,17,5,0
4/17/2020,427,17,San Joaquin,77,398,17,29,0
4/18/2020,422,17,San Joaquin,77,410,17,12,0
4/19/2020,426,17,San Joaquin,77,418,17,8,0
4/20/2020,474,19,San Joaquin,77,446,18,28,1
3/14/2020,1,0,San Luis Obispo,79,1,0,,
3/15/2020,3,0,San Luis Obispo,79,2,0,1,0
3/16/2020,4,0,San Luis Obispo,79,3,0,1,0
3/17/2020,9,0,San Luis Obispo,79,6,0,3,0
3/18/2020,8,0,San Luis Obispo,79,7,0,1,0
3/19/2020,19,0,San Luis Obispo,79,13,0,6,0
3/20/2020,19,0,San Luis Obispo,79,16,0,3,0
3/21/2020,26,0,San Luis Obispo,79,21,0,5,0
3/22/2020,33,0,San Luis Obispo,79,27,0,6,0
3/23/2020,39,0,San Luis Obispo,79,33,0,6,0
3/24/2020,51,0,San Luis Obispo,79,42,0,9,0
3/25/2020,50,0,San Luis Obispo,79,46,0,4,0
3/26/2020,62,0,San Luis Obispo,79,54,0,8,0
3/27/2020,64,0,San Luis Obispo,79,59,0,5,0
3/28/2020,75,0,San Luis Obispo,79,67,0,8,0
3/29/2020,75,0,San Luis Obispo,79,71,0,4,0
3/30/2020,83,0,San Luis Obispo,79,77,0,6,0
3/31/2020,83,0,San Luis Obispo,79,80,0,3,0
4/1/2020,86,0,San Luis Obispo,79,83,0,3,0
4/2/2020,95,0,San Luis Obispo,79,89,0,6,0
4/3/2020,97,0,San Luis Obispo,79,93,0,4,0
4/4/2020,93,0,San Luis Obispo,79,93,0,0,0
4/5/2020,97,2,San Luis Obispo,79,95,1,2,1
4/6/2020,95,1,San Luis Obispo,79,95,1,0,0
4/7/2020,103,1,San Luis Obispo,79,99,1,4,0
4/8/2020,105,1,San Luis Obispo,79,102,1,3,0
4/9/2020,106,1,San Luis Obispo,79,104,1,2,0
4/10/2020,110,1,San Luis Obispo,79,107,1,3,0
4/11/2020,113,1,San Luis Obispo,79,110,1,3,0
4/12/2020,118,1,San Luis Obispo,79,114,1,4,0
4/13/2020,120,1,San Luis Obispo,79,117,1,3,0
4/14/2020,123,1,San Luis Obispo,79,120,1,3,0
4/15/2020,128,1,San Luis Obispo,79,124,1,4,0
4/16/2020,126,1,San Luis Obispo,79,125,1,1,0
4/17/2020,129,1,San Luis Obispo,79,127,1,2,0
4/18/2020,135,1,San Luis Obispo,79,131,1,4,0
4/19/2020,133,1,San Luis Obispo,79,132,1,1,0
4/20/2020,132,1,San Luis Obispo,79,132,1,0,0
1/26/2020,0,0,San Mateo,81,0,0,,
1/31/2020,0,0,San Mateo,81,0,0,0,0
2/2/2020,0,0,San Mateo,81,0,0,0,0
2/20/2020,0,0,San Mateo,81,0,0,0,0
2/21/2020,0,0,San Mateo,81,0,0,0,0
2/26/2020,0,0,San Mateo,81,0,0,0,0
2/28/2020,0,0,San Mateo,81,0,0,0,0
2/29/2020,2,0,San Mateo,81,1,0,1,0
3/1/2020,1,0,San Mateo,81,1,0,0,0
3/2/2020,3,0,San Mateo,81,2,0,1,0
3/3/2020,2,0,San Mateo,81,2,0,0,0
3/4/2020,2,0,San Mateo,81,2,0,0,0
3/5/2020,2,0,San Mateo,81,2,0,0,0
3/6/2020,2,0,San Mateo,81,2,0,0,0
3/7/2020,2,0,San Mateo,81,2,0,0,0
3/8/2020,2,0,San Mateo,81,2,0,0,0
3/9/2020,16,0,San Mateo,81,9,0,7,0
3/10/2020,9,0,San Mateo,81,9,0,0,0
3/11/2020,21,0,San Mateo,81,15,0,6,0
3/12/2020,25,0,San Mateo,81,20,0,5,0
3/13/2020,20,0,San Mateo,81,20,0,0,0
3/14/2020,44,0,San Mateo,81,32,0,12,0
3/15/2020,32,2,San Mateo,81,32,1,0,1
3/16/2020,52,1,San Mateo,81,42,1,10,0
3/17/2020,86,1,San Mateo,81,64,1,22,0
3/18/2020,96,1,San Mateo,81,80,1,16,0
3/19/2020,98,1,San Mateo,81,89,1,9,0
3/20/2020,111,1,San Mateo,81,100,1,11,0
3/21/2020,120,1,San Mateo,81,110,1,10,0
3/22/2020,124,1,San Mateo,81,117,1,7,0
3/23/2020,167,1,San Mateo,81,142,1,25,0
3/24/2020,180,3,San Mateo,81,161,2,19,1
3/25/2020,169,8,San Mateo,81,165,5,4,3
3/26/2020,225,5,San Mateo,81,195,5,30,0
3/27/2020,283,7,San Mateo,81,239,6,44,1
3/28/2020,309,6,San Mateo,81,274,6,35,0
3/29/2020,280,6,San Mateo,81,277,6,3,0
3/30/2020,341,14,San Mateo,81,309,10,32,4
3/31/2020,467,10,San Mateo,81,388,10,79,0
4/1/2020,388,10,San Mateo,81,388,10,0,0
4/2/2020,518,10,San Mateo,81,453,10,65,0
4/3/2020,519,16,San Mateo,81,486,13,33,3
4/4/2020,590,13,San Mateo,81,538,13,52,0
4/5/2020,572,13,San Mateo,81,555,13,17,0
4/6/2020,603,13,San Mateo,81,579,13,24,0
4/7/2020,599,29,San Mateo,81,589,21,10,8
4/8/2020,645,21,San Mateo,81,617,21,28,0
4/9/2020,649,21,San Mateo,81,633,21,16,0
4/10/2020,643,21,San Mateo,81,638,21,5,0
4/11/2020,666,21,San Mateo,81,652,21,14,0
4/12/2020,652,21,San Mateo,81,652,21,0,0
4/13/2020,750,21,San Mateo,81,701,21,49,0
4/14/2020,793,21,San Mateo,81,747,21,46,0
4/15/2020,787,35,San Mateo,81,767,28,20,7
4/16/2020,827,28,San Mateo,81,797,28,30,0
4/17/2020,879,28,San Mateo,81,838,28,41,0
4/18/2020,838,28,San Mateo,81,838,28,0,0
4/19/2020,838,28,San Mateo,81,838,28,0,0
4/20/2020,1002,28,San Mateo,81,920,28,82,0
3/15/2020,1,0,Santa Barbara,83,1,0,,
3/16/2020,1,0,Santa Barbara,83,1,0,0,0
3/17/2020,3,0,Santa Barbara,83,2,0,1,0
3/18/2020,4,0,Santa Barbara,83,3,0,1,0
3/19/2020,13,0,Santa Barbara,83,8,0,5,0
3/20/2020,10,0,Santa Barbara,83,9,0,1,0
3/21/2020,17,0,Santa Barbara,83,13,0,4,0
3/22/2020,23,0,Santa Barbara,83,18,0,5,0
3/23/2020,18,0,Santa Barbara,83,18,0,0,0
3/24/2020,30,0,Santa Barbara,83,24,0,6,0
3/25/2020,28,0,Santa Barbara,83,26,0,2,0
3/26/2020,38,0,Santa Barbara,83,32,0,6,0
3/27/2020,62,0,Santa Barbara,83,47,0,15,0
3/28/2020,81,0,Santa Barbara,83,64,0,17,0
3/29/2020,72,0,Santa Barbara,83,68,0,4,0
3/30/2020,108,0,Santa Barbara,83,88,0,20,0
3/31/2020,110,0,Santa Barbara,83,99,0,11,0
4/1/2020,123,2,Santa Barbara,83,111,1,12,1
4/2/2020,167,1,Santa Barbara,83,139,1,28,0
4/3/2020,165,1,Santa Barbara,83,152,1,13,0
4/4/2020,184,1,Santa Barbara,83,168,1,16,0
4/5/2020,180,3,Santa Barbara,83,174,2,6,1
4/6/2020,210,2,Santa Barbara,83,192,2,18,0
4/7/2020,244,2,Santa Barbara,83,218,2,26,0
4/8/2020,238,2,Santa Barbara,83,228,2,10,0
4/9/2020,258,2,Santa Barbara,83,243,2,15,0
4/10/2020,277,2,Santa Barbara,83,260,2,17,0
4/11/2020,268,2,Santa Barbara,83,264,2,4,0
4/12/2020,270,2,Santa Barbara,83,267,2,3,0
4/13/2020,301,2,Santa Barbara,83,284,2,17,0
4/14/2020,342,2,Santa Barbara,83,313,2,29,0
4/15/2020,355,2,Santa Barbara,83,334,2,21,0
4/16/2020,374,4,Santa Barbara,83,354,3,20,1
4/17/2020,392,3,Santa Barbara,83,373,3,19,0
4/18/2020,397,5,Santa Barbara,83,385,4,12,1
4/19/2020,403,4,Santa Barbara,83,394,4,9,0
4/20/2020,438,4,Santa Barbara,83,416,4,22,0
1/26/2020,0,0,Santa Clara,85,0,0,,
1/31/2020,2,0,Santa Clara,85,1,0,1,0
2/1/2020,1,0,Santa Clara,85,1,0,0,0
2/2/2020,3,0,Santa Clara,85,2,0,1,0
2/3/2020,2,0,Santa Clara,85,2,0,0,0
2/4/2020,2,0,Santa Clara,85,2,0,0,0
2/5/2020,2,0,Santa Clara,85,2,0,0,0
2/6/2020,2,0,Santa Clara,85,2,0,0,0
2/7/2020,2,0,Santa Clara,85,2,0,0,0
2/8/2020,2,0,Santa Clara,85,2,0,0,0
2/9/2020,2,0,Santa Clara,85,2,0,0,0
2/10/2020,2,0,Santa Clara,85,2,0,0,0
2/11/2020,2,0,Santa Clara,85,2,0,0,0
2/12/2020,2,0,Santa Clara,85,2,0,0,0
2/13/2020,2,0,Santa Clara,85,2,0,0,0
2/14/2020,2,0,Santa Clara,85,2,0,0,0
2/15/2020,2,0,Santa Clara,85,2,0,0,0
2/16/2020,2,0,Santa Clara,85,2,0,0,0
2/17/2020,2,0,Santa Clara,85,2,0,0,0
2/18/2020,2,0,Santa Clara,85,2,0,0,0
2/19/2020,2,0,Santa Clara,85,2,0,0,0
2/20/2020,2,0,Santa Clara,85,2,0,0,0
2/21/2020,2,0,Santa Clara,85,2,0,0,0
2/22/2020,2,0,Santa Clara,85,2,0,0,0
2/23/2020,2,0,Santa Clara,85,2,0,0,0
2/24/2020,2,0,Santa Clara,85,2,0,0,0
2/25/2020,2,0,Santa Clara,85,2,0,0,0
2/26/2020,2,0,Santa Clara,85,2,0,0,0
2/27/2020,2,0,Santa Clara,85,2,0,0,0
2/28/2020,4,0,Santa Clara,85,3,0,1,0
2/29/2020,5,0,Santa Clara,85,4,0,1,0
3/1/2020,10,0,Santa Clara,85,7,0,3,0
3/2/2020,11,0,Santa Clara,85,9,0,2,0
3/3/2020,13,0,Santa Clara,85,11,0,2,0
3/4/2020,17,0,Santa Clara,85,14,0,3,0
3/5/2020,26,0,Santa Clara,85,20,0,6,0
3/6/2020,28,0,Santa Clara,85,24,0,4,0
3/7/2020,40,0,Santa Clara,85,32,0,8,0
3/8/2020,42,0,Santa Clara,85,37,0,5,0
3/9/2020,49,2,Santa Clara,85,43,1,6,1
3/10/2020,47,1,Santa Clara,85,45,1,2,0
3/11/2020,51,1,Santa Clara,85,48,1,3,0
3/12/2020,84,1,Santa Clara,85,66,1,18,0
3/13/2020,92,3,Santa Clara,85,79,2,13,1
3/14/2020,103,2,Santa Clara,85,91,2,12,0
3/15/2020,137,2,Santa Clara,85,114,2,23,0
3/16/2020,162,6,Santa Clara,85,138,4,24,2
3/17/2020,172,6,Santa Clara,85,155,5,17,1
3/18/2020,195,7,Santa Clara,85,175,6,20,1
3/19/2020,203,6,Santa Clara,85,189,6,14,0
3/20/2020,203,10,Santa Clara,85,196,8,7,2
3/21/2020,330,8,Santa Clara,85,263,8,67,0
3/22/2020,341,12,Santa Clara,85,302,10,39,2
3/23/2020,340,16,Santa Clara,85,321,13,19,3
3/24/2020,429,19,Santa Clara,85,375,16,54,3
3/25/2020,709,22,Santa Clara,85,542,19,167,3
3/26/2020,542,19,Santa Clara,85,542,19,0,0
3/27/2020,606,21,Santa Clara,85,574,20,32,1
3/28/2020,608,30,Santa Clara,85,591,25,17,5
3/29/2020,701,25,Santa Clara,85,646,25,55,0
3/30/2020,1050,31,Santa Clara,85,848,28,202,3
3/31/2020,932,32,Santa Clara,85,890,30,42,2
4/1/2020,1022,34,Santa Clara,85,956,32,66,2
4/2/2020,1082,40,Santa Clara,85,1019,36,63,4
4/3/2020,1169,40,Santa Clara,85,1094,38,75,2
4/4/2020,1202,40,Santa Clara,85,1148,39,54,1
4/5/2020,1266,39,Santa Clara,85,1207,39,59,0
4/6/2020,1241,45,Santa Clara,85,1224,42,17,3
4/7/2020,1346,44,Santa Clara,85,1285,43,61,1
4/8/2020,1475,49,Santa Clara,85,1380,46,95,3
4/9/2020,1504,48,Santa Clara,85,1442,47,62,1
4/10/2020,1526,53,Santa Clara,85,1484,50,42,3
4/11/2020,1648,52,Santa Clara,85,1566,51,82,1
4/12/2020,1676,57,Santa Clara,85,1621,54,55,3
4/13/2020,1711,66,Santa Clara,85,1666,60,45,6
4/14/2020,1666,60,Santa Clara,85,1666,60,0,0
4/15/2020,1920,70,Santa Clara,85,1793,65,127,5
4/16/2020,1873,73,Santa Clara,85,1833,69,40,4
4/17/2020,1907,77,Santa Clara,85,1870,73,37,4
4/18/2020,1870,73,Santa Clara,85,1870,73,0,0
4/19/2020,1870,73,Santa Clara,85,1870,73,0,0
4/20/2020,1974,93,Santa Clara,85,1922,83,52,10
1/26/2020,0,0,Santa Cruz,87,0,0,,
1/31/2020,0,0,Santa Cruz,87,0,0,0,0
2/2/2020,0,0,Santa Cruz,87,0,0,0,0
2/20/2020,0,0,Santa Cruz,87,0,0,0,0
2/21/2020,0,0,Santa Cruz,87,0,0,0,0
2/26/2020,0,0,Santa Cruz,87,0,0,0,0
2/28/2020,0,0,Santa Cruz,87,0,0,0,0
2/29/2020,0,0,Santa Cruz,87,0,0,0,0
3/1/2020,0,0,Santa Cruz,87,0,0,0,0
3/2/2020,0,0,Santa Cruz,87,0,0,0,0
3/3/2020,0,0,Santa Cruz,87,0,0,0,0
3/4/2020,0,0,Santa Cruz,87,0,0,0,0
3/5/2020,0,0,Santa Cruz,87,0,0,0,0
3/6/2020,0,0,Santa Cruz,87,0,0,0,0
3/7/2020,2,0,Santa Cruz,87,1,0,1,0
3/8/2020,1,0,Santa Cruz,87,1,0,0,0
3/9/2020,3,0,Santa Cruz,87,2,0,1,0
3/10/2020,2,0,Santa Cruz,87,2,0,0,0
3/11/2020,6,0,Santa Cruz,87,4,0,2,0
3/12/2020,4,0,Santa Cruz,87,4,0,0,0
3/13/2020,10,0,Santa Cruz,87,7,0,3,0
3/14/2020,7,0,Santa Cruz,87,7,0,0,0
3/15/2020,7,0,Santa Cruz,87,7,0,0,0
3/16/2020,11,0,Santa Cruz,87,9,0,2,0
3/17/2020,17,0,Santa Cruz,87,13,0,4,0
3/18/2020,13,0,Santa Cruz,87,13,0,0,0
3/19/2020,15,0,Santa Cruz,87,14,0,1,0
3/20/2020,16,0,Santa Cruz,87,15,0,1,0
3/21/2020,15,0,Santa Cruz,87,15,0,0,0
3/22/2020,15,0,Santa Cruz,87,15,0,0,0
3/23/2020,29,0,Santa Cruz,87,22,0,7,0
3/24/2020,26,0,Santa Cruz,87,24,0,2,0
3/25/2020,26,0,Santa Cruz,87,25,0,1,0
3/26/2020,39,0,Santa Cruz,87,32,0,7,0
3/27/2020,36,0,Santa Cruz,87,34,0,2,0
3/28/2020,44,0,Santa Cruz,87,39,0,5,0
3/29/2020,49,2,Santa Cruz,87,44,1,5,1
3/30/2020,46,1,Santa Cruz,87,45,1,1,0
3/31/2020,53,1,Santa Cruz,87,49,1,4,0
4/1/2020,59,1,Santa Cruz,87,54,1,5,0
4/2/2020,60,1,Santa Cruz,87,57,1,3,0
4/3/2020,61,1,Santa Cruz,87,59,1,2,0
4/4/2020,65,1,Santa Cruz,87,62,1,3,0
4/5/2020,76,1,Santa Cruz,87,69,1,7,0
4/6/2020,73,1,Santa Cruz,87,71,1,2,0
4/7/2020,81,1,Santa Cruz,87,76,1,5,0
4/8/2020,76,1,Santa Cruz,87,76,1,0,0
4/9/2020,84,1,Santa Cruz,87,80,1,4,0
4/10/2020,84,1,Santa Cruz,87,82,1,2,0
4/11/2020,82,1,Santa Cruz,87,82,1,0,0
4/12/2020,94,1,Santa Cruz,87,88,1,6,0
4/13/2020,94,1,Santa Cruz,87,91,1,3,0
4/14/2020,91,3,Santa Cruz,87,91,2,0,1
4/15/2020,101,2,Santa Cruz,87,96,2,5,0
4/16/2020,96,2,Santa Cruz,87,96,2,0,0
4/17/2020,100,2,Santa Cruz,87,98,2,2,0
4/18/2020,104,2,Santa Cruz,87,101,2,3,0
4/19/2020,107,2,Santa Cruz,87,104,2,3,0
4/20/2020,108,2,Santa Cruz,87,106,2,2,0
1/26/2020,0,0,Shasta,89,0,0,,
1/31/2020,0,0,Shasta,89,0,0,0,0
2/2/2020,0,0,Shasta,89,0,0,0,0
2/20/2020,0,0,Shasta,89,0,0,0,0
2/21/2020,0,0,Shasta,89,0,0,0,0
2/26/2020,0,0,Shasta,89,0,0,0,0
2/28/2020,0,0,Shasta,89,0,0,0,0
2/29/2020,0,0,Shasta,89,0,0,0,0
3/1/2020,0,0,Shasta,89,0,0,0,0
3/2/2020,0,0,Shasta,89,0,0,0,0
3/3/2020,0,0,Shasta,89,0,0,0,0
3/4/2020,0,0,Shasta,89,0,0,0,0
3/5/2020,0,0,Shasta,89,0,0,0,0
3/6/2020,0,0,Shasta,89,0,0,0,0
3/7/2020,0,0,Shasta,89,0,0,0,0
3/8/2020,2,0,Shasta,89,1,0,1,0
3/9/2020,1,0,Shasta,89,1,0,0,0
3/10/2020,1,0,Shasta,89,1,0,0,0
3/11/2020,1,0,Shasta,89,1,0,0,0
3/12/2020,1,0,Shasta,89,1,0,0,0
3/13/2020,1,0,Shasta,89,1,0,0,0
3/14/2020,1,0,Shasta,89,1,0,0,0
3/15/2020,1,0,Shasta,89,1,0,0,0
3/16/2020,1,0,Shasta,89,1,0,0,0
3/17/2020,1,0,Shasta,89,1,0,0,0
3/18/2020,1,0,Shasta,89,1,0,0,0
3/19/2020,1,0,Shasta,89,1,0,0,0
3/20/2020,1,0,Shasta,89,1,0,0,0
3/21/2020,1,0,Shasta,89,1,0,0,0
3/22/2020,3,0,Shasta,89,2,0,1,0
3/23/2020,4,0,Shasta,89,3,0,1,0
3/24/2020,3,0,Shasta,89,3,0,0,0
3/25/2020,3,2,Shasta,89,3,1,0,1
3/26/2020,3,1,Shasta,89,3,1,0,0
3/27/2020,3,1,Shasta,89,3,1,0,0
3/28/2020,5,1,Shasta,89,4,1,1,0
3/29/2020,4,1,Shasta,89,4,1,0,0
3/30/2020,8,1,Shasta,89,6,1,2,0
3/31/2020,8,1,Shasta,89,7,1,1,0
4/1/2020,7,1,Shasta,89,7,1,0,0
4/2/2020,15,1,Shasta,89,11,1,4,0
4/3/2020,13,3,Shasta,89,12,2,1,1
4/4/2020,22,2,Shasta,89,17,2,5,0
4/5/2020,23,4,Shasta,89,20,3,3,1
4/6/2020,22,3,Shasta,89,21,3,1,0
4/7/2020,25,3,Shasta,89,23,3,2,0
4/8/2020,25,3,Shasta,89,24,3,1,0
4/9/2020,24,3,Shasta,89,24,3,0,0
4/10/2020,24,3,Shasta,89,24,3,0,0
4/11/2020,24,3,Shasta,89,24,3,0,0
4/12/2020,24,3,Shasta,89,24,3,0,0
4/13/2020,26,3,Shasta,89,25,3,1,0
4/14/2020,25,3,Shasta,89,25,3,0,0
4/15/2020,25,3,Shasta,89,25,3,0,0
4/16/2020,27,3,Shasta,89,26,3,1,0
4/17/2020,26,3,Shasta,89,26,3,0,0
4/18/2020,26,3,Shasta,89,26,3,0,0
4/19/2020,26,3,Shasta,89,26,3,0,0
4/20/2020,26,3,Shasta,89,26,3,0,0
3/21/2020,2,0,Siskiyou,93,2,0,,
3/22/2020,2,0,Siskiyou,93,2,0,0,0
3/23/2020,4,0,Siskiyou,93,3,0,1,0
3/24/2020,3,0,Siskiyou,93,3,0,0,0
3/25/2020,3,0,Siskiyou,93,3,0,0,0
3/26/2020,3,0,Siskiyou,93,3,0,0,0
3/27/2020,3,0,Siskiyou,93,3,0,0,0
3/28/2020,3,0,Siskiyou,93,3,0,0,0
3/29/2020,3,0,Siskiyou,93,3,0,0,0
3/30/2020,3,0,Siskiyou,93,3,0,0,0
3/31/2020,3,0,Siskiyou,93,3,0,0,0
4/1/2020,3,0,Siskiyou,93,3,0,0,0
4/2/2020,3,0,Siskiyou,93,3,0,0,0
4/3/2020,3,0,Siskiyou,93,3,0,0,0
4/4/2020,3,0,Siskiyou,93,3,0,0,0
4/5/2020,3,0,Siskiyou,93,3,0,0,0
4/6/2020,5,0,Siskiyou,93,4,0,1,0
4/7/2020,4,0,Siskiyou,93,4,0,0,0
4/8/2020,4,0,Siskiyou,93,4,0,0,0
4/9/2020,4,0,Siskiyou,93,4,0,0,0
4/10/2020,6,0,Siskiyou,93,5,0,1,0
4/11/2020,5,0,Siskiyou,93,5,0,0,0
4/12/2020,5,0,Siskiyou,93,5,0,0,0
4/13/2020,5,0,Siskiyou,93,5,0,0,0
4/14/2020,5,0,Siskiyou,93,5,0,0,0
4/15/2020,5,0,Siskiyou,93,5,0,0,0
4/16/2020,5,0,Siskiyou,93,5,0,0,0
4/17/2020,5,0,Siskiyou,93,5,0,0,0
4/18/2020,5,0,Siskiyou,93,5,0,0,0
4/19/2020,5,0,Siskiyou,93,5,0,0,0
4/20/2020,5,0,Siskiyou,93,5,0,0,0
1/26/2020,0,0,Solano,95,0,0,,
1/31/2020,0,0,Solano,95,0,0,0,0
2/2/2020,0,0,Solano,95,0,0,0,0
2/20/2020,0,0,Solano,95,0,0,0,0
2/21/2020,0,0,Solano,95,0,0,0,0
2/26/2020,2,0,Solano,95,1,0,1,0
2/27/2020,1,0,Solano,95,1,0,0,0
2/28/2020,3,0,Solano,95,2,0,1,0
2/29/2020,2,0,Solano,95,2,0,0,0
3/1/2020,4,0,Solano,95,3,0,1,0
3/2/2020,3,0,Solano,95,3,0,0,0
3/3/2020,3,0,Solano,95,3,0,0,0
3/4/2020,3,0,Solano,95,3,0,0,0
3/5/2020,3,0,Solano,95,3,0,0,0
3/6/2020,3,0,Solano,95,3,0,0,0
3/7/2020,3,0,Solano,95,3,0,0,0
3/8/2020,3,0,Solano,95,3,0,0,0
3/9/2020,9,0,Solano,95,6,0,3,0
3/10/2020,6,0,Solano,95,6,0,0,0
3/11/2020,6,0,Solano,95,6,0,0,0
3/12/2020,6,0,Solano,95,6,0,0,0
3/13/2020,6,0,Solano,95,6,0,0,0
3/14/2020,6,0,Solano,95,6,0,0,0
3/15/2020,6,0,Solano,95,6,0,0,0
3/16/2020,12,0,Solano,95,9,0,3,0
3/17/2020,7,0,Solano,95,8,0,-1,0
3/18/2020,8,0,Solano,95,8,0,0,0
3/19/2020,12,0,Solano,95,10,0,2,0
3/20/2020,16,0,Solano,95,13,0,3,0
3/21/2020,15,0,Solano,95,14,0,1,0
3/22/2020,14,0,Solano,95,14,0,0,0
3/23/2020,28,0,Solano,95,21,0,7,0
3/24/2020,27,0,Solano,95,24,0,3,0
3/25/2020,38,0,Solano,95,31,0,7,0
3/26/2020,37,0,Solano,95,34,0,3,0
3/27/2020,34,0,Solano,95,34,0,0,0
3/28/2020,34,0,Solano,95,34,0,0,0
3/29/2020,34,0,Solano,95,34,0,0,0
3/30/2020,52,0,Solano,95,43,0,9,0
3/31/2020,55,0,Solano,95,49,0,6,0
4/1/2020,59,0,Solano,95,54,0,5,0
4/2/2020,68,2,Solano,95,61,1,7,1
4/3/2020,85,1,Solano,95,73,1,12,0
4/4/2020,73,1,Solano,95,73,1,0,0
4/5/2020,73,1,Solano,95,73,1,0,0
4/6/2020,103,1,Solano,95,88,1,15,0
4/7/2020,110,3,Solano,95,99,2,11,1
4/8/2020,125,2,Solano,95,112,2,13,0
4/9/2020,118,2,Solano,95,115,2,3,0
4/10/2020,127,2,Solano,95,121,2,6,0
4/11/2020,121,2,Solano,95,121,2,0,0
4/12/2020,121,2,Solano,95,121,2,0,0
4/13/2020,149,2,Solano,95,135,2,14,0
4/14/2020,145,2,Solano,95,140,2,5,0
4/15/2020,142,2,Solano,95,141,2,1,0
4/16/2020,171,2,Solano,95,156,2,15,0
4/17/2020,182,2,Solano,95,169,2,13,0
4/18/2020,169,2,Solano,95,169,2,0,0
4/19/2020,169,2,Solano,95,169,2,0,0
4/20/2020,191,2,Solano,95,180,2,11,0
1/26/2020,0,0,Sonoma,97,0,0,,
1/31/2020,0,0,Sonoma,97,0,0,0,0
2/2/2020,0,0,Sonoma,97,0,0,0,0
2/20/2020,0,0,Sonoma,97,0,0,0,0
2/21/2020,0,0,Sonoma,97,0,0,0,0
2/26/2020,0,0,Sonoma,97,0,0,0,0
2/28/2020,0,0,Sonoma,97,0,0,0,0
2/29/2020,0,0,Sonoma,97,0,0,0,0
3/1/2020,0,0,Sonoma,97,0,0,0,0
3/2/2020,2,0,Sonoma,97,1,0,1,0
3/3/2020,1,0,Sonoma,97,1,0,0,0
3/4/2020,3,0,Sonoma,97,2,0,1,0
3/5/2020,2,0,Sonoma,97,2,0,0,0
3/6/2020,2,0,Sonoma,97,2,0,0,0
3/7/2020,2,0,Sonoma,97,2,0,0,0
3/8/2020,2,0,Sonoma,97,2,0,0,0
3/9/2020,2,0,Sonoma,97,2,0,0,0
3/10/2020,2,0,Sonoma,97,2,0,0,0
3/11/2020,2,0,Sonoma,97,2,0,0,0
3/12/2020,2,0,Sonoma,97,2,0,0,0
3/13/2020,2,0,Sonoma,97,2,0,0,0
3/14/2020,6,0,Sonoma,97,4,0,2,0
3/15/2020,4,0,Sonoma,97,4,0,0,0
3/16/2020,10,0,Sonoma,97,7,0,3,0
3/17/2020,11,0,Sonoma,97,9,0,2,0
3/18/2020,9,0,Sonoma,97,9,0,0,0
3/19/2020,13,0,Sonoma,97,11,0,2,0
3/20/2020,33,2,Sonoma,97,22,1,11,1
3/21/2020,26,1,Sonoma,97,24,1,2,0
3/22/2020,30,1,Sonoma,97,27,1,3,0
3/23/2020,31,1,Sonoma,97,29,1,2,0
3/24/2020,39,1,Sonoma,97,34,1,5,0
3/25/2020,44,1,Sonoma,97,39,1,5,0
3/26/2020,59,1,Sonoma,97,49,1,10,0
3/27/2020,59,1,Sonoma,97,54,1,5,0
3/28/2020,54,1,Sonoma,97,54,1,0,0
3/29/2020,62,1,Sonoma,97,58,1,4,0
3/30/2020,88,1,Sonoma,97,73,1,15,0
3/31/2020,97,1,Sonoma,97,85,1,12,0
4/1/2020,97,1,Sonoma,97,91,1,6,0
4/2/2020,99,1,Sonoma,97,95,1,4,0
4/3/2020,115,1,Sonoma,97,105,1,10,0
4/4/2020,109,1,Sonoma,97,107,1,2,0
4/5/2020,107,1,Sonoma,97,107,1,0,0
4/6/2020,123,1,Sonoma,97,115,1,8,0
4/7/2020,125,1,Sonoma,97,120,1,5,0
4/8/2020,152,1,Sonoma,97,136,1,16,0
4/9/2020,148,1,Sonoma,97,142,1,6,0
4/10/2020,148,3,Sonoma,97,145,2,3,1
4/11/2020,145,2,Sonoma,97,145,2,0,0
4/12/2020,149,2,Sonoma,97,147,2,2,0
4/13/2020,157,2,Sonoma,97,152,2,5,0
4/14/2020,168,2,Sonoma,97,160,2,8,0
4/15/2020,166,2,Sonoma,97,163,2,3,0
4/16/2020,181,2,Sonoma,97,172,2,9,0
4/17/2020,188,2,Sonoma,97,180,2,8,0
4/18/2020,180,2,Sonoma,97,180,2,0,0
4/19/2020,182,2,Sonoma,97,181,2,1,0
4/20/2020,183,2,Sonoma,97,182,2,1,0
1/26/2020,0,0,Stanislaus,99,0,0,,
1/31/2020,0,0,Stanislaus,99,0,0,0,0
2/2/2020,0,0,Stanislaus,99,0,0,0,0
2/20/2020,0,0,Stanislaus,99,0,0,0,0
2/21/2020,0,0,Stanislaus,99,0,0,0,0
2/26/2020,0,0,Stanislaus,99,0,0,0,0
2/28/2020,0,0,Stanislaus,99,0,0,0,0
2/29/2020,0,0,Stanislaus,99,0,0,0,0
3/1/2020,0,0,Stanislaus,99,0,0,0,0
3/2/2020,0,0,Stanislaus,99,0,0,0,0
3/3/2020,0,0,Stanislaus,99,0,0,0,0
3/4/2020,0,0,Stanislaus,99,0,0,0,0
3/5/2020,0,0,Stanislaus,99,0,0,0,0
3/6/2020,0,0,Stanislaus,99,0,0,0,0
3/7/2020,0,0,Stanislaus,99,0,0,0,0
3/8/2020,0,0,Stanislaus,99,0,0,0,0
3/9/2020,0,0,Stanislaus,99,0,0,0,0
3/10/2020,0,0,Stanislaus,99,0,0,0,0
3/11/2020,4,0,Stanislaus,99,2,0,2,0
3/12/2020,2,0,Stanislaus,99,2,0,0,0
3/13/2020,2,0,Stanislaus,99,2,0,0,0
3/14/2020,2,0,Stanislaus,99,2,0,0,0
3/15/2020,2,0,Stanislaus,99,2,0,0,0
3/16/2020,4,0,Stanislaus,99,3,0,1,0
3/17/2020,3,0,Stanislaus,99,3,0,0,0
3/18/2020,7,0,Stanislaus,99,5,0,2,0
3/19/2020,5,0,Stanislaus,99,5,0,0,0
3/20/2020,5,0,Stanislaus,99,5,0,0,0
3/21/2020,5,0,Stanislaus,99,5,0,0,0
3/22/2020,11,0,Stanislaus,99,8,0,3,0
3/23/2020,12,0,Stanislaus,99,10,0,2,0
3/24/2020,12,0,Stanislaus,99,11,0,1,0
3/25/2020,13,0,Stanislaus,99,12,0,1,0
3/26/2020,22,0,Stanislaus,99,17,0,5,0
3/27/2020,29,0,Stanislaus,99,23,0,6,0
3/28/2020,35,0,Stanislaus,99,29,0,6,0
3/29/2020,33,0,Stanislaus,99,31,0,2,0
3/30/2020,35,0,Stanislaus,99,33,0,2,0
3/31/2020,47,0,Stanislaus,99,40,0,7,0
4/1/2020,48,0,Stanislaus,99,44,0,4,0
4/2/2020,58,0,Stanislaus,99,51,0,7,0
4/3/2020,65,0,Stanislaus,99,58,0,7,0
4/4/2020,72,0,Stanislaus,99,65,0,7,0
4/5/2020,77,0,Stanislaus,99,71,0,6,0
4/6/2020,91,0,Stanislaus,99,81,0,10,0
4/7/2020,99,0,Stanislaus,99,90,0,9,0
4/8/2020,100,0,Stanislaus,99,95,0,5,0
4/9/2020,111,0,Stanislaus,99,103,0,8,0
4/10/2020,129,2,Stanislaus,99,116,1,13,1
4/11/2020,126,3,Stanislaus,99,121,2,5,1
4/12/2020,141,2,Stanislaus,99,131,2,10,0
4/13/2020,161,2,Stanislaus,99,146,2,15,0
4/14/2020,180,6,Stanislaus,99,163,4,17,2
4/15/2020,191,4,Stanislaus,99,177,4,14,0
4/16/2020,197,4,Stanislaus,99,187,4,10,0
4/17/2020,225,4,Stanislaus,99,206,4,19,0
4/18/2020,236,4,Stanislaus,99,221,4,15,0
4/19/2020,231,4,Stanislaus,99,226,4,5,0
4/20/2020,238,4,Stanislaus,99,232,4,6,0
3/25/2020,2,0,Sutter,101,2,0,,
3/26/2020,2,0,Sutter,101,2,0,0,0
3/27/2020,2,0,Sutter,101,2,0,0,0
3/28/2020,10,0,Sutter,101,6,0,4,0
3/29/2020,6,0,Sutter,101,6,0,0,0
3/30/2020,12,0,Sutter,101,9,0,3,0
3/31/2020,11,0,Sutter,101,10,0,1,0
4/1/2020,18,2,Sutter,101,14,1,4,1
4/2/2020,14,1,Sutter,101,14,1,0,0
4/3/2020,18,1,Sutter,101,16,1,2,0
4/4/2020,16,1,Sutter,101,16,1,0,0
4/5/2020,16,3,Sutter,101,16,2,0,1
4/6/2020,18,2,Sutter,101,17,2,1,0
4/7/2020,21,2,Sutter,101,19,2,2,0
4/8/2020,21,2,Sutter,101,20,2,1,0
4/9/2020,24,2,Sutter,101,22,2,2,0
4/10/2020,22,2,Sutter,101,22,2,0,0
4/11/2020,22,2,Sutter,101,22,2,0,0
4/12/2020,22,2,Sutter,101,22,2,0,0
4/13/2020,24,2,Sutter,101,23,2,1,0
4/14/2020,25,2,Sutter,101,24,2,1,0
4/15/2020,24,2,Sutter,101,24,2,0,0
4/16/2020,24,2,Sutter,101,24,2,0,0
4/17/2020,26,2,Sutter,101,25,2,1,0
4/18/2020,25,2,Sutter,101,25,2,0,0
4/19/2020,27,2,Sutter,101,26,2,1,0
4/20/2020,26,2,Sutter,101,26,2,0,0
4/1/2020,1,0,Tehama,103,1,0,,
4/2/2020,1,0,Tehama,103,1,0,0,0
4/3/2020,1,0,Tehama,103,1,0,0,0
4/4/2020,1,0,Tehama,103,1,0,0,0
4/5/2020,1,0,Tehama,103,1,0,0,0
4/6/2020,1,0,Tehama,103,1,0,0,0
4/7/2020,1,0,Tehama,103,1,0,0,0
4/8/2020,1,0,Tehama,103,1,0,0,0
4/9/2020,1,0,Tehama,103,1,0,0,0
4/10/2020,1,0,Tehama,103,1,0,0,0
4/11/2020,1,0,Tehama,103,1,0,0,0
4/12/2020,1,0,Tehama,103,1,0,0,0
4/13/2020,1,0,Tehama,103,1,0,0,0
4/14/2020,1,2,Tehama,103,1,1,0,1
4/15/2020,1,1,Tehama,103,1,1,0,0
4/16/2020,1,1,Tehama,103,1,1,0,0
4/17/2020,1,1,Tehama,103,1,1,0,0
4/18/2020,1,1,Tehama,103,1,1,0,0
4/19/2020,1,1,Tehama,103,1,1,0,0
4/20/2020,1,1,Tehama,103,1,1,0,0
3/11/2020,1,0,Tulare,107,1,0,,
3/12/2020,1,0,Tulare,107,1,0,0,0
3/13/2020,1,0,Tulare,107,1,0,0,0
3/14/2020,3,0,Tulare,107,2,0,1,0
3/15/2020,4,0,Tulare,107,3,0,1,0
3/16/2020,3,0,Tulare,107,3,0,0,0
3/17/2020,3,0,Tulare,107,3,0,0,0
3/18/2020,7,0,Tulare,107,5,0,2,0
3/19/2020,9,0,Tulare,107,7,0,2,0
3/20/2020,15,0,Tulare,107,11,0,4,0
3/21/2020,11,0,Tulare,107,11,0,0,0
3/22/2020,13,0,Tulare,107,12,0,1,0
3/23/2020,20,0,Tulare,107,16,0,4,0
3/24/2020,18,0,Tulare,107,17,0,1,0
3/25/2020,19,0,Tulare,107,18,0,1,0
3/26/2020,22,0,Tulare,107,20,0,2,0
3/27/2020,28,0,Tulare,107,24,0,4,0
3/28/2020,34,2,Tulare,107,29,1,5,1
3/29/2020,41,1,Tulare,107,35,1,6,0
3/30/2020,51,1,Tulare,107,43,1,8,0
3/31/2020,47,1,Tulare,107,45,1,2,0
4/1/2020,73,3,Tulare,107,59,2,14,1
4/2/2020,89,2,Tulare,107,74,2,15,0
4/3/2020,88,4,Tulare,107,81,3,7,1
4/4/2020,133,7,Tulare,107,107,5,26,2
4/5/2020,125,5,Tulare,107,116,5,9,0
4/6/2020,154,7,Tulare,107,135,6,19,1
4/7/2020,179,6,Tulare,107,157,6,22,0
4/8/2020,179,12,Tulare,107,168,9,11,3
4/9/2020,206,11,Tulare,107,187,10,19,1
4/10/2020,219,12,Tulare,107,203,11,16,1
4/11/2020,251,11,Tulare,107,227,11,24,0
4/12/2020,227,11,Tulare,107,227,11,0,0
4/13/2020,301,15,Tulare,107,264,13,37,2
4/14/2020,328,13,Tulare,107,296,13,32,0
4/15/2020,408,17,Tulare,107,352,15,56,2
4/16/2020,392,19,Tulare,107,372,17,20,2
4/17/2020,392,17,Tulare,107,382,17,10,0
4/18/2020,412,17,Tulare,107,397,17,15,0
4/19/2020,425,17,Tulare,107,411,17,14,0
4/20/2020,433,19,Tulare,107,422,18,11,1
3/30/2020,1,0,Tuolumne,109,1,0,,
3/31/2020,1,0,Tuolumne,109,1,0,0,0
4/1/2020,1,0,Tuolumne,109,1,0,0,0
4/2/2020,1,0,Tuolumne,109,1,0,0,0
4/3/2020,1,0,Tuolumne,109,1,0,0,0
4/4/2020,1,0,Tuolumne,109,1,0,0,0
4/5/2020,1,0,Tuolumne,109,1,0,0,0
4/6/2020,1,0,Tuolumne,109,1,0,0,0
4/7/2020,1,0,Tuolumne,109,1,0,0,0
4/8/2020,1,0,Tuolumne,109,1,0,0,0
4/9/2020,1,0,Tuolumne,109,1,0,0,0
4/10/2020,1,0,Tuolumne,109,1,0,0,0
4/11/2020,1,0,Tuolumne,109,1,0,0,0
4/12/2020,1,0,Tuolumne,109,1,0,0,0
4/13/2020,1,0,Tuolumne,109,1,0,0,0
4/14/2020,3,0,Tuolumne,109,2,0,1,0
4/15/2020,2,0,Tuolumne,109,2,0,0,0
4/16/2020,2,0,Tuolumne,109,2,0,0,0
4/17/2020,2,0,Tuolumne,109,2,0,0,0
4/18/2020,2,0,Tuolumne,109,2,0,0,0
4/19/2020,2,0,Tuolumne,109,2,0,0,0
4/20/2020,2,0,Tuolumne,109,2,0,0,0
1/26/2020,0,0,Ventura,111,0,0,,
1/31/2020,0,0,Ventura,111,0,0,0,0
2/2/2020,0,0,Ventura,111,0,0,0,0
2/20/2020,0,0,Ventura,111,0,0,0,0
2/21/2020,0,0,Ventura,111,0,0,0,0
2/26/2020,0,0,Ventura,111,0,0,0,0
2/28/2020,0,0,Ventura,111,0,0,0,0
2/29/2020,0,0,Ventura,111,0,0,0,0
3/1/2020,0,0,Ventura,111,0,0,0,0
3/2/2020,0,0,Ventura,111,0,0,0,0
3/3/2020,0,0,Ventura,111,0,0,0,0
3/4/2020,0,0,Ventura,111,0,0,0,0
3/5/2020,0,0,Ventura,111,0,0,0,0
3/6/2020,2,0,Ventura,111,1,0,1,0
3/7/2020,1,0,Ventura,111,1,0,0,0
3/8/2020,1,0,Ventura,111,1,0,0,0
3/9/2020,1,0,Ventura,111,1,0,0,0
3/10/2020,1,0,Ventura,111,1,0,0,0
3/11/2020,3,0,Ventura,111,2,0,1,0
3/12/2020,4,0,Ventura,111,3,0,1,0
3/13/2020,7,0,Ventura,111,5,0,2,0
3/14/2020,3,0,Ventura,111,4,0,-1,0
3/15/2020,4,0,Ventura,111,4,0,0,0
3/16/2020,4,0,Ventura,111,4,0,0,0
3/17/2020,16,0,Ventura,111,10,0,6,0
3/18/2020,16,0,Ventura,111,13,0,3,0
3/19/2020,21,0,Ventura,111,17,0,4,0
3/20/2020,21,0,Ventura,111,19,0,2,0
3/21/2020,33,0,Ventura,111,26,0,7,0
3/22/2020,34,2,Ventura,111,30,1,4,1
3/23/2020,40,1,Ventura,111,35,1,5,0
3/24/2020,43,1,Ventura,111,39,1,4,0
3/25/2020,61,1,Ventura,111,50,1,11,0
3/26/2020,72,1,Ventura,111,61,1,11,0
3/27/2020,105,5,Ventura,111,83,3,22,2
3/28/2020,113,3,Ventura,111,98,3,15,0
3/29/2020,120,5,Ventura,111,109,4,11,1
3/30/2020,143,4,Ventura,111,126,4,17,0
3/31/2020,172,6,Ventura,111,149,5,23,1
4/1/2020,171,5,Ventura,111,160,5,11,0
4/2/2020,194,7,Ventura,111,177,6,17,1
4/3/2020,201,6,Ventura,111,189,6,12,0
4/4/2020,217,6,Ventura,111,203,6,14,0
4/5/2020,239,6,Ventura,111,221,6,18,0
4/6/2020,231,6,Ventura,111,226,6,5,0
4/7/2020,260,6,Ventura,111,243,6,17,0
4/8/2020,283,8,Ventura,111,263,7,20,1
4/9/2020,285,7,Ventura,111,274,7,11,0
4/10/2020,322,13,Ventura,111,298,10,24,3
4/11/2020,320,10,Ventura,111,309,10,11,0
4/12/2020,319,10,Ventura,111,314,10,5,0
4/13/2020,320,10,Ventura,111,317,10,3,0
4/14/2020,383,16,Ventura,111,350,13,33,3
4/15/2020,380,13,Ventura,111,365,13,15,0
4/16/2020,403,13,Ventura,111,384,13,19,0
4/17/2020,408,13,Ventura,111,396,13,12,0
4/18/2020,436,13,Ventura,111,416,13,20,0
4/19/2020,428,13,Ventura,111,422,13,6,0
4/20/2020,434,13,Ventura,111,428,13,6,0
1/26/2020,0,0,Yolo,113,0,0,,
1/31/2020,0,0,Yolo,113,0,0,0,0
2/2/2020,0,0,Yolo,113,0,0,0,0
2/20/2020,0,0,Yolo,113,0,0,0,0
2/21/2020,0,0,Yolo,113,0,0,0,0
2/26/2020,0,0,Yolo,113,0,0,0,0
2/28/2020,0,0,Yolo,113,0,0,0,0
2/29/2020,0,0,Yolo,113,0,0,0,0
3/1/2020,0,0,Yolo,113,0,0,0,0
3/2/2020,0,0,Yolo,113,0,0,0,0
3/3/2020,0,0,Yolo,113,0,0,0,0
3/4/2020,0,0,Yolo,113,0,0,0,0
3/5/2020,0,0,Yolo,113,0,0,0,0
3/6/2020,2,0,Yolo,113,1,0,1,0
3/7/2020,1,0,Yolo,113,1,0,0,0
3/8/2020,1,0,Yolo,113,1,0,0,0
3/9/2020,1,0,Yolo,113,1,0,0,0
3/10/2020,1,0,Yolo,113,1,0,0,0
3/11/2020,1,0,Yolo,113,1,0,0,0
3/12/2020,1,0,Yolo,113,1,0,0,0
3/13/2020,3,0,Yolo,113,2,0,1,0
3/14/2020,2,0,Yolo,113,2,0,0,0
3/15/2020,2,0,Yolo,113,2,0,0,0
3/16/2020,2,0,Yolo,113,2,0,0,0
3/17/2020,6,0,Yolo,113,4,0,2,0
3/18/2020,6,0,Yolo,113,5,0,1,0
3/19/2020,5,0,Yolo,113,5,0,0,0
3/20/2020,7,0,Yolo,113,6,0,1,0
3/21/2020,6,0,Yolo,113,6,0,0,0
3/22/2020,6,2,Yolo,113,6,1,0,1
3/23/2020,10,1,Yolo,113,8,1,2,0
3/24/2020,12,1,Yolo,113,10,1,2,0
3/25/2020,12,1,Yolo,113,11,1,1,0
3/26/2020,11,1,Yolo,113,11,1,0,0
3/27/2020,21,1,Yolo,113,16,1,5,0
3/28/2020,16,1,Yolo,113,16,1,0,0
3/29/2020,16,1,Yolo,113,16,1,0,0
3/30/2020,32,1,Yolo,113,24,1,8,0
3/31/2020,26,1,Yolo,113,25,1,1,0
4/1/2020,31,1,Yolo,113,28,1,3,0
4/2/2020,38,1,Yolo,113,33,1,5,0
4/3/2020,33,1,Yolo,113,33,1,0,0
4/4/2020,41,1,Yolo,113,37,1,4,0
4/5/2020,37,1,Yolo,113,37,1,0,0
4/6/2020,63,1,Yolo,113,50,1,13,0
4/7/2020,62,3,Yolo,113,56,2,6,1
4/8/2020,78,4,Yolo,113,67,3,11,1
4/9/2020,75,3,Yolo,113,71,3,4,0
4/10/2020,79,3,Yolo,113,75,3,4,0
4/11/2020,101,3,Yolo,113,88,3,13,0
4/12/2020,98,3,Yolo,113,93,3,5,0
4/13/2020,109,5,Yolo,113,101,4,8,1
4/14/2020,103,4,Yolo,113,102,4,1,0
4/15/2020,130,10,Yolo,113,116,7,14,3
4/16/2020,134,7,Yolo,113,125,7,9,0
4/17/2020,127,9,Yolo,113,126,8,1,1
4/18/2020,126,8,Yolo,113,126,8,0,0
4/19/2020,148,10,Yolo,113,137,9,11,1
4/20/2020,147,11,Yolo,113,142,10,5,1
3/21/2020,2,0,Yuba,115,2,0,,
3/22/2020,4,0,Yuba,115,3,0,1,0
3/23/2020,3,0,Yuba,115,3,0,0,0
3/24/2020,3,0,Yuba,115,3,0,0,0
3/25/2020,3,0,Yuba,115,3,0,0,0
3/26/2020,3,0,Yuba,115,3,0,0,0
3/27/2020,3,0,Yuba,115,3,0,0,0
3/28/2020,3,0,Yuba,115,3,0,0,0
3/29/2020,5,0,Yuba,115,4,0,1,0
3/30/2020,8,0,Yuba,115,6,0,2,0
3/31/2020,8,0,Yuba,115,7,0,1,0
4/1/2020,9,0,Yuba,115,8,0,1,0
4/2/2020,8,0,Yuba,115,8,0,0,0
4/3/2020,10,0,Yuba,115,9,0,1,0
4/4/2020,9,0,Yuba,115,9,0,0,0
4/5/2020,11,0,Yuba,115,10,0,1,0
4/6/2020,12,0,Yuba,115,11,0,1,0
4/7/2020,15,0,Yuba,115,13,0,2,0
4/8/2020,17,0,Yuba,115,15,0,2,0
4/9/2020,15,0,Yuba,115,15,0,0,0
4/10/2020,15,2,Yuba,115,15,1,0,1
4/11/2020,15,1,Yuba,115,15,1,0,0
4/12/2020,15,1,Yuba,115,15,1,0,0
4/13/2020,15,1,Yuba,115,15,1,0,0
4/14/2020,15,1,Yuba,115,15,1,0,0
4/15/2020,15,1,Yuba,115,15,1,0,0
4/16/2020,15,1,Yuba,115,15,1,0,0
4/17/2020,15,1,Yuba,115,15,1,0,0
4/18/2020,17,1,Yuba,115,16,1,1,0
4/19/2020,16,1,Yuba,115,16,1,0,0
4/20/2020,16,1,Yuba,115,16,1,0,0
